"msa","pmsa","county","state","county_fips","state_fips"
NA,NA,"Aleutians East","AK",13,2
NA,NA,"Aleutians West","AK",16,2
380,NA,"Anchorage","AK",20,2
NA,NA,"Bethel","AK",50,2
NA,NA,"Bristol Bay","AK",60,2
NA,NA,"Denali","AK",68,2
NA,NA,"Dillingham","AK",70,2
NA,NA,"Fairbanks North Star","AK",90,2
NA,NA,"Haines","AK",100,2
NA,NA,"Juneau","AK",110,2
NA,NA,"Kenai Peninsula","AK",122,2
NA,NA,"Ketchikan Gateway","AK",130,2
NA,NA,"Kodiak Island","AK",150,2
NA,NA,"Lake and Peninsula","AK",164,2
NA,NA,"Matanuska-Susitna","AK",170,2
NA,NA,"Nome","AK",180,2
NA,NA,"North Slope","AK",185,2
NA,NA,"Northwest Arctic","AK",188,2
NA,NA,"Prince of Wales-Outer Ketchika","Prince of Wales-Outer Ketchika",201,2
NA,NA,"Sitka","AK",220,2
NA,NA,"Skagway-Hoonah-Angoon","AK",232,2
NA,NA,"Southeast Fairbanks","AK",240,2
NA,NA,"Valdez-Cordova","AK",261,2
NA,NA,"Wade Hampton","AK",270,2
NA,NA,"Wrangell-Petersburg","AK",280,2
NA,NA,"Yakutat","AK",282,2
NA,NA,"Yukon-Koyukuk","AK",290,2
5240,NA,"Autauga","AL",1,1
5160,NA,"Baldwin","AL",3,1
NA,NA,"Barbour","AL",5,1
NA,NA,"Bibb","AL",7,1
1000,NA,"Blount","AL",9,1
NA,NA,"Bullock","AL",11,1
NA,NA,"Butler","AL",13,1
450,NA,"Calhoun","AL",15,1
NA,NA,"Chambers","AL",17,1
NA,NA,"Cherokee","AL",19,1
NA,NA,"Chilton","AL",21,1
NA,NA,"Choctaw","AL",23,1
NA,NA,"Clarke","AL",25,1
NA,NA,"Clay","AL",27,1
NA,NA,"Cleburne","AL",29,1
NA,NA,"Coffee","AL",31,1
2650,NA,"Colbert","AL",33,1
NA,NA,"Conecuh","AL",35,1
NA,NA,"Coosa","AL",37,1
NA,NA,"Covington","AL",39,1
NA,NA,"Crenshaw","AL",41,1
NA,NA,"Cullman","AL",43,1
2180,NA,"Dale","AL",45,1
NA,NA,"Dallas","AL",47,1
NA,NA,"De Kalb","AL",49,1
5240,NA,"Elmore","AL",51,1
NA,NA,"Escambia","AL",53,1
2880,NA,"Etowah","AL",55,1
NA,NA,"Fayette","AL",57,1
NA,NA,"Franklin","AL",59,1
NA,NA,"Geneva","AL",61,1
NA,NA,"Greene","AL",63,1
NA,NA,"Hale","AL",65,1
NA,NA,"Henry","AL",67,1
2180,NA,"Houston","AL",69,1
NA,NA,"Jackson","AL",71,1
1000,NA,"Jefferson","AL",73,1
NA,NA,"Lamar","AL",75,1
2650,NA,"Lauderdale","AL",77,1
2030,NA,"Lawrence","AL",79,1
NA,NA,"Lee","AL",81,1
3440,NA,"Limestone","AL",83,1
NA,NA,"Lowndes","AL",85,1
NA,NA,"Macon","AL",87,1
3440,NA,"Madison","AL",89,1
NA,NA,"Marengo","AL",91,1
NA,NA,"Marion","AL",93,1
NA,NA,"Marshall","AL",95,1
5160,NA,"Mobile","AL",97,1
NA,NA,"Monroe","AL",99,1
5240,NA,"Montgomery","AL",101,1
2030,NA,"Morgan","AL",103,1
NA,NA,"Perry","AL",105,1
NA,NA,"Pickens","AL",107,1
NA,NA,"Pike","AL",109,1
NA,NA,"Randolph","AL",111,1
1800,NA,"Russell","AL",113,1
1000,NA,"St. Clair","AL",115,1
1000,NA,"Shelby","AL",117,1
NA,NA,"Sumter","AL",119,1
NA,NA,"Talladega","AL",121,1
NA,NA,"Tallapoosa","AL",123,1
8600,NA,"Tuscaloosa","AL",125,1
NA,NA,"Walker","AL",127,1
NA,NA,"Washington","AL",129,1
NA,NA,"Wilcox","AL",131,1
NA,NA,"Winston","AL",133,1
NA,NA,"Apache","AZ",1,4
NA,NA,"Cochise","AZ",3,4
NA,NA,"Coconino","AZ",5,4
NA,NA,"Gila","AZ",7,4
NA,NA,"Graham","AZ",9,4
NA,NA,"Greenlee","AZ",11,4
NA,NA,"La Paz","AZ",12,4
6200,NA,"Maricopa","AZ",13,4
4120,NA,"Mohave","AZ",15,4
NA,NA,"Navajo","AZ",17,4
8520,NA,"Pima","AZ",19,4
6200,NA,"Pinal","AZ",21,4
NA,NA,"Santa Cruz","AZ",23,4
NA,NA,"Yavapai","AZ",25,4
9360,NA,"Yuma","AZ",27,4
NA,NA,"Arkansas","AR",1,5
NA,NA,"Ashley","AR",3,5
NA,NA,"Baxter","AR",5,5
2580,NA,"Benton","AR",7,5
NA,NA,"Boone","AR",9,5
NA,NA,"Bradley","AR",11,5
NA,NA,"Calhoun","AR",13,5
NA,NA,"Carroll","AR",15,5
NA,NA,"Chicot","AR",17,5
NA,NA,"Clark","AR",19,5
NA,NA,"Clay","AR",21,5
NA,NA,"Cleburne","AR",23,5
NA,NA,"Cleveland","AR",25,5
NA,NA,"Columbia","AR",27,5
NA,NA,"Conway","AR",29,5
NA,NA,"Craighead","AR",31,5
2720,NA,"Crawford","AR",33,5
4920,NA,"Crittenden","AR",35,5
NA,NA,"Cross","AR",37,5
NA,NA,"Dallas","AR",39,5
NA,NA,"Desha","AR",41,5
NA,NA,"Drew","AR",43,5
4400,NA,"Faulkner","AR",45,5
NA,NA,"Franklin","AR",47,5
NA,NA,"Fulton","AR",49,5
NA,NA,"Garland","AR",51,5
NA,NA,"Grant","AR",53,5
NA,NA,"Greene","AR",55,5
NA,NA,"Hempstead","AR",57,5
NA,NA,"Hot Spring","AR",59,5
NA,NA,"Howard","AR",61,5
NA,NA,"Independence","AR",63,5
NA,NA,"Izard","AR",65,5
NA,NA,"Jackson","AR",67,5
6240,NA,"Jefferson","AR",69,5
NA,NA,"Johnson","AR",71,5
NA,NA,"Lafayette","AR",73,5
NA,NA,"Lawrence","AR",75,5
NA,NA,"Lee","AR",77,5
NA,NA,"Lincoln","AR",79,5
NA,NA,"Little River","AR",81,5
NA,NA,"Logan","AR",83,5
4400,NA,"Lonoke","AR",85,5
NA,NA,"Madison","AR",87,5
NA,NA,"Marion","AR",89,5
8360,NA,"Miller","AR",91,5
NA,NA,"Mississippi","AR",93,5
NA,NA,"Monroe","AR",95,5
NA,NA,"Montgomery","AR",97,5
NA,NA,"Nevada","AR",99,5
NA,NA,"Newton","AR",101,5
NA,NA,"Ouachita","AR",103,5
NA,NA,"Perry","AR",105,5
NA,NA,"Phillips","AR",107,5
NA,NA,"Pike","AR",109,5
NA,NA,"Poinsett","AR",111,5
NA,NA,"Polk","AR",113,5
NA,NA,"Pope","AR",115,5
NA,NA,"Prairie","AR",117,5
4400,NA,"Pulaski","AR",119,5
NA,NA,"Randolph","AR",121,5
NA,NA,"St. Francis","AR",123,5
4400,NA,"Saline","AR",125,5
NA,NA,"Scott","AR",127,5
NA,NA,"Searcy","AR",129,5
2720,NA,"Sebastian","AR",131,5
NA,NA,"Sevier","AR",133,5
NA,NA,"Sharp","AR",135,5
NA,NA,"Stone","AR",137,5
NA,NA,"Union","AR",139,5
NA,NA,"Van Buren","AR",141,5
2580,NA,"Washington","AR",143,5
NA,NA,"White","AR",145,5
NA,NA,"Woodruff","AR",147,5
NA,NA,"Yell","AR",149,5
7362,5775,"Alameda","CA",1,6
NA,NA,"Alpine","CA",3,6
NA,NA,"Amador","CA",5,6
1620,NA,"Butte","CA",7,6
NA,NA,"Calaveras","CA",9,6
NA,NA,"Colusa","CA",11,6
7362,5775,"Contra Costa","CA",13,6
NA,NA,"Del Norte","CA",15,6
6922,6920,"El Dorado","CA",17,6
2840,NA,"Fresno","CA",19,6
NA,NA,"Glenn","CA",21,6
NA,NA,"Humboldt","CA",23,6
NA,NA,"Imperial","CA",25,6
NA,NA,"Inyo","CA",27,6
680,NA,"Kern","CA",29,6
NA,NA,"Kings","CA",31,6
NA,NA,"Lake","CA",33,6
NA,NA,"Lassen","CA",35,6
4472,4480,"Los Angeles","CA",37,6
2840,NA,"Madera","CA",39,6
7362,7360,"Marin","CA",41,6
NA,NA,"Mariposa","CA",43,6
NA,NA,"Mendocino","CA",45,6
4940,NA,"Merced","CA",47,6
NA,NA,"Modoc","CA",49,6
NA,NA,"Mono","CA",51,6
7120,NA,"Monterey","CA",53,6
7362,8720,"Napa","CA",55,6
NA,NA,"Nevada","CA",57,6
4472,5945,"Orange","CA",59,6
6922,6920,"Placer","CA",61,6
NA,NA,"Plumas","CA",63,6
4472,6780,"Riverside","CA",65,6
6922,6920,"Sacramento","CA",67,6
NA,NA,"San Benito","CA",69,6
4472,6780,"San Bernardino","CA",71,6
7320,NA,"San Diego","CA",73,6
7362,7360,"San Francisco","CA",75,6
8120,NA,"San Joaquin","CA",77,6
7460,NA,"San Luis Obispo","CA",79,6
7362,7360,"San Mateo","CA",81,6
7480,NA,"Santa Barbara","CA",83,6
7362,7400,"Santa Clara","CA",85,6
7362,7485,"Santa Cruz","CA",87,6
6690,NA,"Shasta","CA",89,6
NA,NA,"Sierra","CA",91,6
NA,NA,"Siskiyou","CA",93,6
7362,8720,"Solano","CA",95,6
7362,7500,"Sonoma","CA",97,6
5170,NA,"Stanislaus","CA",99,6
9340,NA,"Sutter","CA",101,6
NA,NA,"Tehama","CA",103,6
NA,NA,"Trinity","CA",105,6
8780,NA,"Tulare","CA",107,6
NA,NA,"Tuolumne","CA",109,6
4472,8735,"Ventura","CA",111,6
6922,9270,"Yolo","CA",113,6
9340,NA,"Yuba","CA",115,6
2082,2080,"Adams","CO",1,8
NA,NA,"Alamosa","CO",3,8
2082,2080,"Arapahoe","CO",5,8
NA,NA,"Archuleta","CO",7,8
NA,NA,"Baca","CO",9,8
NA,NA,"Bent","CO",11,8
2082,1125,"Boulder","CO",13,8
NA,NA,"Chaffee","CO",15,8
NA,NA,"Cheyenne","CO",17,8
NA,NA,"Clear Creek","CO",19,8
NA,NA,"Conejos","CO",21,8
NA,NA,"Costilla","CO",23,8
NA,NA,"Crowley","CO",25,8
NA,NA,"Custer","CO",27,8
NA,NA,"Delta","CO",29,8
2082,2080,"Denver","CO",31,8
NA,NA,"Dolores","CO",33,8
2082,2080,"Douglas","CO",35,8
NA,NA,"Eagle","CO",37,8
NA,NA,"Elbert","CO",39,8
1720,NA,"El Paso","CO",41,8
NA,NA,"Fremont","CO",43,8
NA,NA,"Garfield","CO",45,8
NA,NA,"Gilpin","CO",47,8
NA,NA,"Grand","CO",49,8
NA,NA,"Gunnison","CO",51,8
NA,NA,"Hinsdale","CO",53,8
NA,NA,"Huerfano","CO",55,8
NA,NA,"Jackson","CO",57,8
2082,2080,"Jefferson","CO",59,8
NA,NA,"Kiowa","CO",61,8
NA,NA,"Kit Carson","CO",63,8
NA,NA,"Lake","CO",65,8
NA,NA,"La Plata","CO",67,8
2670,NA,"Larimer","CO",69,8
NA,NA,"Las Animas","CO",71,8
NA,NA,"Lincoln","CO",73,8
NA,NA,"Logan","CO",75,8
NA,NA,"Mesa","CO",77,8
NA,NA,"Mineral","CO",79,8
NA,NA,"Moffat","CO",81,8
NA,NA,"Montezuma","CO",83,8
NA,NA,"Montrose","CO",85,8
NA,NA,"Morgan","CO",87,8
NA,NA,"Otero","CO",89,8
NA,NA,"Ouray","CO",91,8
NA,NA,"Park","CO",93,8
NA,NA,"Phillips","CO",95,8
NA,NA,"Pitkin","CO",97,8
NA,NA,"Prowers","CO",99,8
6560,NA,"Pueblo","CO",101,8
NA,NA,"Rio Blanco","CO",103,8
NA,NA,"Rio Grande","CO",105,8
NA,NA,"Routt","CO",107,8
NA,NA,"Saguache","CO",109,8
NA,NA,"San Juan","CO",111,8
NA,NA,"San Miguel","CO",113,8
NA,NA,"Sedgwick","CO",115,8
NA,NA,"Summit","CO",117,8
NA,NA,"Teller","CO",119,8
NA,NA,"Washington","CO",121,8
2082,3060,"Weld","CO",123,8
NA,NA,"Yuma","CO",125,8
5483,NA,"Fairfield","CT",1,9
3283,NA,"Hartford","CT",3,9
NA,NA,"Litchfield","CT",5,9
3283,NA,"Middlesex","CT",7,9
5483,NA,"New Haven","CT",9,9
5523,NA,"New London","CT",11,9
3283,NA,"Tolland","CT",13,9
NA,NA,"Windham","CT",15,9
8872,8840,"District of Columbia","District of Columbia",1,11
2190,NA,"Kent","DE",1,10
6162,9160,"New Castle","DE",3,10
NA,NA,"Sussex","DE",5,10
2900,NA,"Alachua","FL",1,12
NA,NA,"Baker","FL",3,12
6015,NA,"Bay","FL",5,12
NA,NA,"Bradford","FL",7,12
4900,NA,"Brevard","FL",9,12
4992,2680,"Broward","FL",11,12
NA,NA,"Calhoun","FL",13,12
6580,NA,"Charlotte","FL",15,12
NA,NA,"Citrus","FL",17,12
3600,NA,"Clay","FL",19,12
5345,NA,"Collier","FL",21,12
NA,NA,"Columbia","FL",23,12
4992,5000,"Dade","FL",25,12
NA,NA,"De Soto","FL",27,12
NA,NA,"Dixie","FL",29,12
3600,NA,"Duval","FL",31,12
6080,NA,"Escambia","FL",33,12
2020,NA,"Flagler","FL",35,12
NA,NA,"Franklin","FL",37,12
8240,NA,"Gadsden","FL",39,12
NA,NA,"Gilchrist","FL",41,12
NA,NA,"Glades","FL",43,12
NA,NA,"Gulf","FL",45,12
NA,NA,"Hamilton","FL",47,12
NA,NA,"Hardee","FL",49,12
NA,NA,"Hendry","FL",51,12
8280,NA,"Hernando","FL",53,12
NA,NA,"Highlands","FL",55,12
8280,NA,"Hillsborough","FL",57,12
NA,NA,"Holmes","FL",59,12
NA,NA,"Indian River","FL",61,12
NA,NA,"Jackson","FL",63,12
NA,NA,"Jefferson","FL",65,12
NA,NA,"Lafayette","FL",67,12
5960,NA,"Lake","FL",69,12
2700,NA,"Lee","FL",71,12
8240,NA,"Leon","FL",73,12
NA,NA,"Levy","FL",75,12
NA,NA,"Liberty","FL",77,12
NA,NA,"Madison","FL",79,12
7510,NA,"Manatee","FL",81,12
5790,NA,"Marion","FL",83,12
2710,NA,"Martin","FL",85,12
NA,NA,"Monroe","FL",87,12
3600,NA,"Nassau","FL",89,12
2750,NA,"Okaloosa","FL",91,12
NA,NA,"Okeechobee","FL",93,12
5960,NA,"Orange","FL",95,12
5960,NA,"Osceola","FL",97,12
8960,NA,"Palm Beach","FL",99,12
8280,NA,"Pasco","FL",101,12
8280,NA,"Pinellas","FL",103,12
3980,NA,"Polk","FL",105,12
NA,NA,"Putnam","FL",107,12
3600,NA,"St. Johns","FL",109,12
2710,NA,"St. Lucie","FL",111,12
6080,NA,"Santa Rosa","FL",113,12
7510,NA,"Sarasota","FL",115,12
5960,NA,"Seminole","FL",117,12
NA,NA,"Sumter","FL",119,12
NA,NA,"Suwannee","FL",121,12
NA,NA,"Taylor","FL",123,12
NA,NA,"Union","FL",125,12
2020,NA,"Volusia","FL",127,12
NA,NA,"Wakulla","FL",129,12
NA,NA,"Walton","FL",131,12
NA,NA,"Washington","FL",133,12
NA,NA,"Appling","GA",1,13
NA,NA,"Atkinson","GA",3,13
NA,NA,"Bacon","GA",5,13
NA,NA,"Baker","GA",7,13
NA,NA,"Baldwin","GA",9,13
NA,NA,"Banks","GA",11,13
520,NA,"Barrow","GA",13,13
520,NA,"Bartow","GA",15,13
NA,NA,"Ben Hill","GA",17,13
NA,NA,"Berrien","GA",19,13
4680,NA,"Bibb","GA",21,13
NA,NA,"Bleckley","GA",23,13
NA,NA,"Brantley","GA",25,13
NA,NA,"Brooks","GA",27,13
7520,NA,"Bryan","GA",29,13
NA,NA,"Bulloch","GA",31,13
NA,NA,"Burke","GA",33,13
NA,NA,"Butts","GA",35,13
NA,NA,"Calhoun","GA",37,13
NA,NA,"Camden","GA",39,13
NA,NA,"Candler","GA",43,13
520,NA,"Carroll","GA",45,13
1560,NA,"Catoosa","GA",47,13
NA,NA,"Charlton","GA",49,13
7520,NA,"Chatham","GA",51,13
1800,NA,"Chattahoochee","GA",53,13
NA,NA,"Chattooga","GA",55,13
520,NA,"Cherokee","GA",57,13
500,NA,"Clarke","GA",59,13
NA,NA,"Clay","GA",61,13
520,NA,"Clayton","GA",63,13
NA,NA,"Clinch","GA",65,13
520,NA,"Cobb","GA",67,13
NA,NA,"Coffee","GA",69,13
NA,NA,"Colquitt","GA",71,13
600,NA,"Columbia","GA",73,13
NA,NA,"Cook","GA",75,13
520,NA,"Coweta","GA",77,13
NA,NA,"Crawford","GA",79,13
NA,NA,"Crisp","GA",81,13
1560,NA,"Dade","GA",83,13
NA,NA,"Dawson","GA",85,13
NA,NA,"Decatur","GA",87,13
520,NA,"De Kalb","GA",89,13
NA,NA,"Dodge","GA",91,13
NA,NA,"Dooly","GA",93,13
120,NA,"Dougherty","GA",95,13
520,NA,"Douglas","GA",97,13
NA,NA,"Early","GA",99,13
NA,NA,"Echols","GA",101,13
7520,NA,"Effingham","GA",103,13
NA,NA,"Elbert","GA",105,13
NA,NA,"Emanuel","GA",107,13
NA,NA,"Evans","GA",109,13
NA,NA,"Fannin","GA",111,13
520,NA,"Fayette","GA",113,13
NA,NA,"Floyd","GA",115,13
520,NA,"Forsyth","GA",117,13
NA,NA,"Franklin","GA",119,13
520,NA,"Fulton","GA",121,13
NA,NA,"Gilmer","GA",123,13
NA,NA,"Glascock","GA",125,13
NA,NA,"Glynn","GA",127,13
NA,NA,"Gordon","GA",129,13
NA,NA,"Grady","GA",131,13
NA,NA,"Greene","GA",133,13
520,NA,"Gwinnett","GA",135,13
NA,NA,"Habersham","GA",137,13
NA,NA,"Hall","GA",139,13
NA,NA,"Hancock","GA",141,13
NA,NA,"Haralson","GA",143,13
1800,NA,"Harris","GA",145,13
NA,NA,"Hart","GA",147,13
NA,NA,"Heard","GA",149,13
520,NA,"Henry","GA",151,13
4680,NA,"Houston","GA",153,13
NA,NA,"Irwin","GA",155,13
NA,NA,"Jackson","GA",157,13
NA,NA,"Jasper","GA",159,13
NA,NA,"Jeff Davis","GA",161,13
NA,NA,"Jefferson","GA",163,13
NA,NA,"Jenkins","GA",165,13
NA,NA,"Johnson","GA",167,13
4680,NA,"Jones","GA",169,13
NA,NA,"Lamar","GA",171,13
NA,NA,"Lanier","GA",173,13
NA,NA,"Laurens","GA",175,13
120,NA,"Lee","GA",177,13
NA,NA,"Liberty","GA",179,13
NA,NA,"Lincoln","GA",181,13
NA,NA,"Long","GA",183,13
NA,NA,"Lowndes","GA",185,13
NA,NA,"Lumpkin","GA",187,13
NA,NA,"McDuffie","GA",189,13
NA,NA,"McIntosh","GA",191,13
NA,NA,"Macon","GA",193,13
500,NA,"Madison","GA",195,13
NA,NA,"Marion","GA",197,13
NA,NA,"Meriwether","GA",199,13
NA,NA,"Miller","GA",201,13
NA,NA,"Mitchell","GA",205,13
NA,NA,"Monroe","GA",207,13
NA,NA,"Montgomery","GA",209,13
NA,NA,"Morgan","GA",211,13
NA,NA,"Murray","GA",213,13
1800,NA,"Muscogee","GA",215,13
520,NA,"Newton","GA",217,13
500,NA,"Oconee","GA",219,13
NA,NA,"Oglethorpe","GA",221,13
520,NA,"Paulding","GA",223,13
4680,NA,"Peach","GA",225,13
520,NA,"Pickens","GA",227,13
NA,NA,"Pierce","GA",229,13
NA,NA,"Pike","GA",231,13
NA,NA,"Polk","GA",233,13
NA,NA,"Pulaski","GA",235,13
NA,NA,"Putnam","GA",237,13
NA,NA,"Quitman","GA",239,13
NA,NA,"Rabun","GA",241,13
NA,NA,"Randolph","GA",243,13
600,NA,"Richmond","GA",245,13
520,NA,"Rockdale","GA",247,13
NA,NA,"Schley","GA",249,13
NA,NA,"Screven","GA",251,13
NA,NA,"Seminole","GA",253,13
520,NA,"Spalding","GA",255,13
NA,NA,"Stephens","GA",257,13
NA,NA,"Stewart","GA",259,13
NA,NA,"Sumter","GA",261,13
NA,NA,"Talbot","GA",263,13
NA,NA,"Taliaferro","GA",265,13
NA,NA,"Tattnall","GA",267,13
NA,NA,"Taylor","GA",269,13
NA,NA,"Telfair","GA",271,13
NA,NA,"Terrell","GA",273,13
NA,NA,"Thomas","GA",275,13
NA,NA,"Tift","GA",277,13
NA,NA,"Toombs","GA",279,13
NA,NA,"Towns","GA",281,13
NA,NA,"Treutlen","GA",283,13
NA,NA,"Troup","GA",285,13
NA,NA,"Turner","GA",287,13
4680,NA,"Twiggs","GA",289,13
NA,NA,"Union","GA",291,13
NA,NA,"Upson","GA",293,13
1560,NA,"Walker","GA",295,13
520,NA,"Walton","GA",297,13
NA,NA,"Ware","GA",299,13
NA,NA,"Warren","GA",301,13
NA,NA,"Washington","GA",303,13
NA,NA,"Wayne","GA",305,13
NA,NA,"Webster","GA",307,13
NA,NA,"Wheeler","GA",309,13
NA,NA,"White","GA",311,13
NA,NA,"Whitfield","GA",313,13
NA,NA,"Wilcox","GA",315,13
NA,NA,"Wilkes","GA",317,13
NA,NA,"Wilkinson","GA",319,13
NA,NA,"Worth","GA",321,13
NA,NA,"Hawaii","HI",1,15
3320,NA,"Honolulu","HI",3,15
NA,NA,"Kalawao","HI",5,15
NA,NA,"Kauai","HI",7,15
NA,NA,"Maui","HI",9,15
NA,NA,"Adair","IA",1,19
NA,NA,"Adams","IA",3,19
NA,NA,"Allamakee","IA",5,19
NA,NA,"Appanoose","IA",7,19
NA,NA,"Audubon","IA",9,19
NA,NA,"Benton","IA",11,19
8920,NA,"Black Hawk","IA",13,19
NA,NA,"Boone","IA",15,19
NA,NA,"Bremer","IA",17,19
NA,NA,"Buchanan","IA",19,19
NA,NA,"Buena Vista","IA",21,19
NA,NA,"Butler","IA",23,19
NA,NA,"Calhoun","IA",25,19
NA,NA,"Carroll","IA",27,19
NA,NA,"Cass","IA",29,19
NA,NA,"Cedar","IA",31,19
NA,NA,"Cerro Gordo","IA",33,19
NA,NA,"Cherokee","IA",35,19
NA,NA,"Chickasaw","IA",37,19
NA,NA,"Clarke","IA",39,19
NA,NA,"Clay","IA",41,19
NA,NA,"Clayton","IA",43,19
NA,NA,"Clinton","IA",45,19
NA,NA,"Crawford","IA",47,19
2120,NA,"Dallas","IA",49,19
NA,NA,"Davis","IA",51,19
NA,NA,"Decatur","IA",53,19
NA,NA,"Delaware","IA",55,19
NA,NA,"Des Moines","IA",57,19
NA,NA,"Dickinson","IA",59,19
2200,NA,"Dubuque","IA",61,19
NA,NA,"Emmet","IA",63,19
NA,NA,"Fayette","IA",65,19
NA,NA,"Floyd","IA",67,19
NA,NA,"Franklin","IA",69,19
NA,NA,"Fremont","IA",71,19
NA,NA,"Greene","IA",73,19
NA,NA,"Grundy","IA",75,19
NA,NA,"Guthrie","IA",77,19
NA,NA,"Hamilton","IA",79,19
NA,NA,"Hancock","IA",81,19
NA,NA,"Hardin","IA",83,19
NA,NA,"Harrison","IA",85,19
NA,NA,"Henry","IA",87,19
NA,NA,"Howard","IA",89,19
NA,NA,"Humboldt","IA",91,19
NA,NA,"Ida","IA",93,19
NA,NA,"Iowa","IA",95,19
NA,NA,"Jackson","IA",97,19
NA,NA,"Jasper","IA",99,19
NA,NA,"Jefferson","IA",101,19
3500,NA,"Johnson","IA",103,19
NA,NA,"Jones","IA",105,19
NA,NA,"Keokuk","IA",107,19
NA,NA,"Kossuth","IA",109,19
NA,NA,"Lee","IA",111,19
1360,NA,"Linn","IA",113,19
NA,NA,"Louisa","IA",115,19
NA,NA,"Lucas","IA",117,19
NA,NA,"Lyon","IA",119,19
NA,NA,"Madison","IA",121,19
NA,NA,"Mahaska","IA",123,19
NA,NA,"Marion","IA",125,19
NA,NA,"Marshall","IA",127,19
NA,NA,"Mills","IA",129,19
NA,NA,"Mitchell","IA",131,19
NA,NA,"Monona","IA",133,19
NA,NA,"Monroe","IA",135,19
NA,NA,"Montgomery","IA",137,19
NA,NA,"Muscatine","IA",139,19
NA,NA,"O'Brien","IA",141,19
NA,NA,"Osceola","IA",143,19
NA,NA,"Page","IA",145,19
NA,NA,"Palo Alto","IA",147,19
NA,NA,"Plymouth","IA",149,19
NA,NA,"Pocahontas","IA",151,19
2120,NA,"Polk","IA",153,19
5920,NA,"Pottawattamie","IA",155,19
NA,NA,"Poweshiek","IA",157,19
NA,NA,"Ringgold","IA",159,19
NA,NA,"Sac","IA",161,19
1960,NA,"Scott","IA",163,19
NA,NA,"Shelby","IA",165,19
NA,NA,"Sioux","IA",167,19
NA,NA,"Story","IA",169,19
NA,NA,"Tama","IA",171,19
NA,NA,"Taylor","IA",173,19
NA,NA,"Union","IA",175,19
NA,NA,"Van Buren","IA",177,19
NA,NA,"Wapello","IA",179,19
2120,NA,"Warren","IA",181,19
NA,NA,"Washington","IA",183,19
NA,NA,"Wayne","IA",185,19
NA,NA,"Webster","IA",187,19
NA,NA,"Winnebago","IA",189,19
NA,NA,"Winneshiek","IA",191,19
7720,NA,"Woodbury","IA",193,19
NA,NA,"Worth","IA",195,19
NA,NA,"Wright","IA",197,19
1080,NA,"Ada","ID",1,16
NA,NA,"Adams","ID",3,16
NA,NA,"Bannock","ID",5,16
NA,NA,"Bear Lake","ID",7,16
NA,NA,"Benewah","ID",9,16
NA,NA,"Bingham","ID",11,16
NA,NA,"Blaine","ID",13,16
NA,NA,"Boise","ID",15,16
NA,NA,"Bonner","ID",17,16
NA,NA,"Bonneville","ID",19,16
NA,NA,"Boundary","ID",21,16
NA,NA,"Butte","ID",23,16
NA,NA,"Camas","ID",25,16
1080,NA,"Canyon","ID",27,16
NA,NA,"Caribou","ID",29,16
NA,NA,"Cassia","ID",31,16
NA,NA,"Clark","ID",33,16
NA,NA,"Clearwater","ID",35,16
NA,NA,"Custer","ID",37,16
NA,NA,"Elmore","ID",39,16
NA,NA,"Franklin","ID",41,16
NA,NA,"Fremont","ID",43,16
NA,NA,"Gem","ID",45,16
NA,NA,"Gooding","ID",47,16
NA,NA,"Idaho","ID",49,16
NA,NA,"Jefferson","ID",51,16
NA,NA,"Jerome","ID",53,16
NA,NA,"Kootenai","ID",55,16
NA,NA,"Latah","ID",57,16
NA,NA,"Lemhi","ID",59,16
NA,NA,"Lewis","ID",61,16
NA,NA,"Lincoln","ID",63,16
NA,NA,"Madison","ID",65,16
NA,NA,"Minidoka","ID",67,16
NA,NA,"Nez Perce","ID",69,16
NA,NA,"Oneida","ID",71,16
NA,NA,"Owyhee","ID",73,16
NA,NA,"Payette","ID",75,16
NA,NA,"Power","ID",77,16
NA,NA,"Shoshone","ID",79,16
NA,NA,"Teton","ID",81,16
NA,NA,"Twin Falls","ID",83,16
NA,NA,"Valley","ID",85,16
NA,NA,"Washington","ID",87,16
NA,NA,"Adams","IL",1,17
NA,NA,"Alexander","IL",3,17
NA,NA,"Bond","IL",5,17
6880,NA,"Boone","IL",7,17
NA,NA,"Brown","IL",9,17
NA,NA,"Bureau","IL",11,17
NA,NA,"Calhoun","IL",13,17
NA,NA,"Carroll","IL",15,17
NA,NA,"Cass","IL",17,17
1400,NA,"Champaign","IL",19,17
NA,NA,"Christian","IL",21,17
NA,NA,"Clark","IL",23,17
NA,NA,"Clay","IL",25,17
7040,NA,"Clinton","IL",27,17
NA,NA,"Coles","IL",29,17
1602,1600,"Cook","IL",31,17
NA,NA,"Crawford","IL",33,17
NA,NA,"Cumberland","IL",35,17
1602,1600,"DeKalb","IL",37,17
NA,NA,"De Witt","IL",39,17
NA,NA,"Douglas","IL",41,17
1602,1600,"DuPage","IL",43,17
NA,NA,"Edgar","IL",45,17
NA,NA,"Edwards","IL",47,17
NA,NA,"Effingham","IL",49,17
NA,NA,"Fayette","IL",51,17
NA,NA,"Ford","IL",53,17
NA,NA,"Franklin","IL",55,17
NA,NA,"Fulton","IL",57,17
NA,NA,"Gallatin","IL",59,17
NA,NA,"Greene","IL",61,17
1602,1600,"Grundy","IL",63,17
NA,NA,"Hamilton","IL",65,17
NA,NA,"Hancock","IL",67,17
NA,NA,"Hardin","IL",69,17
NA,NA,"Henderson","IL",71,17
1960,NA,"Henry","IL",73,17
NA,NA,"Iroquois","IL",75,17
NA,NA,"Jackson","IL",77,17
NA,NA,"Jasper","IL",79,17
NA,NA,"Jefferson","IL",81,17
7040,NA,"Jersey","IL",83,17
NA,NA,"Jo Daviess","IL",85,17
NA,NA,"Johnson","IL",87,17
1602,1600,"Kane","IL",89,17
1602,3740,"Kankakee","IL",91,17
1602,1600,"Kendall","IL",93,17
NA,NA,"Knox","IL",95,17
1602,1600,"Lake","IL",97,17
NA,NA,"La Salle","IL",99,17
NA,NA,"Lawrence","IL",101,17
NA,NA,"Lee","IL",103,17
NA,NA,"Livingston","IL",105,17
NA,NA,"Logan","IL",107,17
NA,NA,"McDonough","IL",109,17
1602,1600,"McHenry","IL",111,17
1040,NA,"McLean","IL",113,17
2040,NA,"Macon","IL",115,17
NA,NA,"Macoupin","IL",117,17
7040,NA,"Madison","IL",119,17
NA,NA,"Marion","IL",121,17
NA,NA,"Marshall","IL",123,17
NA,NA,"Mason","IL",125,17
NA,NA,"Massac","IL",127,17
7880,NA,"Menard","IL",129,17
NA,NA,"Mercer","IL",131,17
7040,NA,"Monroe","IL",133,17
NA,NA,"Montgomery","IL",135,17
NA,NA,"Morgan","IL",137,17
NA,NA,"Moultrie","IL",139,17
6880,NA,"Ogle","IL",141,17
6120,NA,"Peoria","IL",143,17
NA,NA,"Perry","IL",145,17
NA,NA,"Piatt","IL",147,17
NA,NA,"Pike","IL",149,17
NA,NA,"Pope","IL",151,17
NA,NA,"Pulaski","IL",153,17
NA,NA,"Putnam","IL",155,17
NA,NA,"Randolph","IL",157,17
NA,NA,"Richland","IL",159,17
1960,NA,"Rock Island","IL",161,17
7040,NA,"St. Clair","IL",163,17
NA,NA,"Saline","IL",165,17
7880,NA,"Sangamon","IL",167,17
NA,NA,"Schuyler","IL",169,17
NA,NA,"Scott","IL",171,17
NA,NA,"Shelby","IL",173,17
NA,NA,"Stark","IL",175,17
NA,NA,"Stephenson","IL",177,17
6120,NA,"Tazewell","IL",179,17
NA,NA,"Union","IL",181,17
NA,NA,"Vermilion","IL",183,17
NA,NA,"Wabash","IL",185,17
NA,NA,"Warren","IL",187,17
NA,NA,"Washington","IL",189,17
NA,NA,"Wayne","IL",191,17
NA,NA,"White","IL",193,17
NA,NA,"Whiteside","IL",195,17
1602,1600,"Will","IL",197,17
NA,NA,"Williamson","IL",199,17
6880,NA,"Winnebago","IL",201,17
6120,NA,"Woodford","IL",203,17
2760,NA,"Adams","IN",1,18
2760,NA,"Allen","IN",3,18
NA,NA,"Bartholomew","IN",5,18
NA,NA,"Benton","IN",7,18
NA,NA,"Blackford","IN",9,18
3480,NA,"Boone","IN",11,18
NA,NA,"Brown","IN",13,18
NA,NA,"Carroll","IN",15,18
NA,NA,"Cass","IN",17,18
4520,NA,"Clark","IN",19,18
8320,NA,"Clay","IN",21,18
3920,NA,"Clinton","IN",23,18
NA,NA,"Crawford","IN",25,18
NA,NA,"Daviess","IN",27,18
1642,1640,"Dearborn","IN",29,18
NA,NA,"Decatur","IN",31,18
2760,NA,"De Kalb","IN",33,18
5280,NA,"Delaware","IN",35,18
NA,NA,"Dubois","IN",37,18
2330,NA,"Elkhart","IN",39,18
NA,NA,"Fayette","IN",41,18
4520,NA,"Floyd","IN",43,18
NA,NA,"Fountain","IN",45,18
NA,NA,"Franklin","IN",47,18
NA,NA,"Fulton","IN",49,18
NA,NA,"Gibson","IN",51,18
NA,NA,"Grant","IN",53,18
NA,NA,"Greene","IN",55,18
3480,NA,"Hamilton","IN",57,18
3480,NA,"Hancock","IN",59,18
4520,NA,"Harrison","IN",61,18
3480,NA,"Hendricks","IN",63,18
NA,NA,"Henry","IN",65,18
3850,NA,"Howard","IN",67,18
2760,NA,"Huntington","IN",69,18
NA,NA,"Jackson","IN",71,18
NA,NA,"Jasper","IN",73,18
NA,NA,"Jay","IN",75,18
NA,NA,"Jefferson","IN",77,18
NA,NA,"Jennings","IN",79,18
3480,NA,"Johnson","IN",81,18
NA,NA,"Knox","IN",83,18
NA,NA,"Kosciusko","IN",85,18
NA,NA,"Lagrange","IN",87,18
1602,2960,"Lake","IN",89,18
NA,NA,"La Porte","IN",91,18
NA,NA,"Lawrence","IN",93,18
3480,NA,"Madison","IN",95,18
3480,NA,"Marion","IN",97,18
NA,NA,"Marshall","IN",99,18
NA,NA,"Martin","IN",101,18
NA,NA,"Miami","IN",103,18
1020,NA,"Monroe","IN",105,18
NA,NA,"Montgomery","IN",107,18
3480,NA,"Morgan","IN",109,18
NA,NA,"Newton","IN",111,18
NA,NA,"Noble","IN",113,18
1642,1640,"Ohio","IN",115,18
NA,NA,"Orange","IN",117,18
NA,NA,"Owen","IN",119,18
NA,NA,"Parke","IN",121,18
NA,NA,"Perry","IN",123,18
NA,NA,"Pike","IN",125,18
1602,2960,"Porter","IN",127,18
2440,NA,"Posey","IN",129,18
NA,NA,"Pulaski","IN",131,18
NA,NA,"Putnam","IN",133,18
NA,NA,"Randolph","IN",135,18
NA,NA,"Ripley","IN",137,18
NA,NA,"Rush","IN",139,18
7800,NA,"St. Joseph","IN",141,18
4520,NA,"Scott","IN",143,18
3480,NA,"Shelby","IN",145,18
NA,NA,"Spencer","IN",147,18
NA,NA,"Starke","IN",149,18
NA,NA,"Steuben","IN",151,18
NA,NA,"Sullivan","IN",153,18
NA,NA,"Switzerland","IN",155,18
3920,NA,"Tippecanoe","IN",157,18
3850,NA,"Tipton","IN",159,18
NA,NA,"Union","IN",161,18
2440,NA,"Vanderburgh","IN",163,18
8320,NA,"Vermillion","IN",165,18
8320,NA,"Vigo","IN",167,18
NA,NA,"Wabash","IN",169,18
NA,NA,"Warren","IN",171,18
2440,NA,"Warrick","IN",173,18
NA,NA,"Washington","IN",175,18
NA,NA,"Wayne","IN",177,18
2760,NA,"Wells","IN",179,18
NA,NA,"White","IN",181,18
2760,NA,"Whitley","IN",183,18
NA,NA,"Allen","KS",1,20
NA,NA,"Anderson","KS",3,20
NA,NA,"Atchison","KS",5,20
NA,NA,"Barber","KS",7,20
NA,NA,"Barton","KS",9,20
NA,NA,"Bourbon","KS",11,20
NA,NA,"Brown","KS",13,20
9040,NA,"Butler","KS",15,20
NA,NA,"Chase","KS",17,20
NA,NA,"Chautauqua","KS",19,20
NA,NA,"Cherokee","KS",21,20
NA,NA,"Cheyenne","KS",23,20
NA,NA,"Clark","KS",25,20
NA,NA,"Clay","KS",27,20
NA,NA,"Cloud","KS",29,20
NA,NA,"Coffey","KS",31,20
NA,NA,"Comanche","KS",33,20
NA,NA,"Cowley","KS",35,20
NA,NA,"Crawford","KS",37,20
NA,NA,"Decatur","KS",39,20
NA,NA,"Dickinson","KS",41,20
NA,NA,"Doniphan","KS",43,20
4150,NA,"Douglas","KS",45,20
NA,NA,"Edwards","KS",47,20
NA,NA,"Elk","KS",49,20
NA,NA,"Ellis","KS",51,20
NA,NA,"Ellsworth","KS",53,20
NA,NA,"Finney","KS",55,20
NA,NA,"Ford","KS",57,20
NA,NA,"Franklin","KS",59,20
NA,NA,"Geary","KS",61,20
NA,NA,"Gove","KS",63,20
NA,NA,"Graham","KS",65,20
NA,NA,"Grant","KS",67,20
NA,NA,"Gray","KS",69,20
NA,NA,"Greeley","KS",71,20
NA,NA,"Greenwood","KS",73,20
NA,NA,"Hamilton","KS",75,20
NA,NA,"Harper","KS",77,20
9040,NA,"Harvey","KS",79,20
NA,NA,"Haskell","KS",81,20
NA,NA,"Hodgeman","KS",83,20
NA,NA,"Jackson","KS",85,20
NA,NA,"Jefferson","KS",87,20
NA,NA,"Jewell","KS",89,20
3760,NA,"Johnson","KS",91,20
NA,NA,"Kearny","KS",93,20
NA,NA,"Kingman","KS",95,20
NA,NA,"Kiowa","KS",97,20
NA,NA,"Labette","KS",99,20
NA,NA,"Lane","KS",101,20
3760,NA,"Leavenworth","KS",103,20
NA,NA,"Lincoln","KS",105,20
NA,NA,"Linn","KS",107,20
NA,NA,"Logan","KS",109,20
NA,NA,"Lyon","KS",111,20
NA,NA,"McPherson","KS",113,20
NA,NA,"Marion","KS",115,20
NA,NA,"Marshall","KS",117,20
NA,NA,"Meade","KS",119,20
3760,NA,"Miami","KS",121,20
NA,NA,"Mitchell","KS",123,20
NA,NA,"Montgomery","KS",125,20
NA,NA,"Morris","KS",127,20
NA,NA,"Morton","KS",129,20
NA,NA,"Nemaha","KS",131,20
NA,NA,"Neosho","KS",133,20
NA,NA,"Ness","KS",135,20
NA,NA,"Norton","KS",137,20
NA,NA,"Osage","KS",139,20
NA,NA,"Osborne","KS",141,20
NA,NA,"Ottawa","KS",143,20
NA,NA,"Pawnee","KS",145,20
NA,NA,"Phillips","KS",147,20
NA,NA,"Pottawatomie","KS",149,20
NA,NA,"Pratt","KS",151,20
NA,NA,"Rawlins","KS",153,20
NA,NA,"Reno","KS",155,20
NA,NA,"Republic","KS",157,20
NA,NA,"Rice","KS",159,20
NA,NA,"Riley","KS",161,20
NA,NA,"Rooks","KS",163,20
NA,NA,"Rush","KS",165,20
NA,NA,"Russell","KS",167,20
NA,NA,"Saline","KS",169,20
NA,NA,"Scott","KS",171,20
9040,NA,"Sedgwick","KS",173,20
NA,NA,"Seward","KS",175,20
8440,NA,"Shawnee","KS",177,20
NA,NA,"Sheridan","KS",179,20
NA,NA,"Sherman","KS",181,20
NA,NA,"Smith","KS",183,20
NA,NA,"Stafford","KS",185,20
NA,NA,"Stanton","KS",187,20
NA,NA,"Stevens","KS",189,20
NA,NA,"Sumner","KS",191,20
NA,NA,"Thomas","KS",193,20
NA,NA,"Trego","KS",195,20
NA,NA,"Wabaunsee","KS",197,20
NA,NA,"Wallace","KS",199,20
NA,NA,"Washington","KS",201,20
NA,NA,"Wichita","KS",203,20
NA,NA,"Wilson","KS",205,20
NA,NA,"Woodson","KS",207,20
3760,NA,"Wyandotte","KS",209,20
NA,NA,"Adair","KY",1,21
NA,NA,"Allen","KY",3,21
NA,NA,"Anderson","KY",5,21
NA,NA,"Ballard","KY",7,21
NA,NA,"Barren","KY",9,21
NA,NA,"Bath","KY",11,21
NA,NA,"Bell","KY",13,21
1642,1640,"Boone","KY",15,21
4280,NA,"Bourbon","KY",17,21
3400,NA,"Boyd","KY",19,21
NA,NA,"Boyle","KY",21,21
NA,NA,"Bracken","KY",23,21
NA,NA,"Breathitt","KY",25,21
NA,NA,"Breckinridge","KY",27,21
4520,NA,"Bullitt","KY",29,21
NA,NA,"Butler","KY",31,21
NA,NA,"Caldwell","KY",33,21
NA,NA,"Calloway","KY",35,21
1642,1640,"Campbell","KY",37,21
NA,NA,"Carlisle","KY",39,21
NA,NA,"Carroll","KY",41,21
NA,NA,"Carter","KY",43,21
NA,NA,"Casey","KY",45,21
1660,NA,"Christian","KY",47,21
4280,NA,"Clark","KY",49,21
NA,NA,"Clay","KY",51,21
NA,NA,"Clinton","KY",53,21
NA,NA,"Crittenden","KY",55,21
NA,NA,"Cumberland","KY",57,21
5990,NA,"Daviess","KY",59,21
NA,NA,"Edmonson","KY",61,21
NA,NA,"Elliott","KY",63,21
NA,NA,"Estill","KY",65,21
4280,NA,"Fayette","KY",67,21
NA,NA,"Fleming","KY",69,21
NA,NA,"Floyd","KY",71,21
NA,NA,"Franklin","KY",73,21
NA,NA,"Fulton","KY",75,21
1642,1640,"Gallatin","KY",77,21
NA,NA,"Garrard","KY",79,21
1642,1640,"Grant","KY",81,21
NA,NA,"Graves","KY",83,21
NA,NA,"Grayson","KY",85,21
NA,NA,"Green","KY",87,21
3400,NA,"Greenup","KY",89,21
NA,NA,"Hancock","KY",91,21
NA,NA,"Hardin","KY",93,21
NA,NA,"Harlan","KY",95,21
NA,NA,"Harrison","KY",97,21
NA,NA,"Hart","KY",99,21
2440,NA,"Henderson","KY",101,21
NA,NA,"Henry","KY",103,21
NA,NA,"Hickman","KY",105,21
NA,NA,"Hopkins","KY",107,21
NA,NA,"Jackson","KY",109,21
4520,NA,"Jefferson","KY",111,21
4280,NA,"Jessamine","KY",113,21
NA,NA,"Johnson","KY",115,21
1642,1640,"Kenton","KY",117,21
NA,NA,"Knott","KY",119,21
NA,NA,"Knox","KY",121,21
NA,NA,"Larue","KY",123,21
NA,NA,"Laurel","KY",125,21
NA,NA,"Lawrence","KY",127,21
NA,NA,"Lee","KY",129,21
NA,NA,"Leslie","KY",131,21
NA,NA,"Letcher","KY",133,21
NA,NA,"Lewis","KY",135,21
NA,NA,"Lincoln","KY",137,21
NA,NA,"Livingston","KY",139,21
NA,NA,"Logan","KY",141,21
NA,NA,"Lyon","KY",143,21
NA,NA,"McCracken","KY",145,21
NA,NA,"McCreary","KY",147,21
NA,NA,"McLean","KY",149,21
4280,NA,"Madison","KY",151,21
NA,NA,"Magoffin","KY",153,21
NA,NA,"Marion","KY",155,21
NA,NA,"Marshall","KY",157,21
NA,NA,"Martin","KY",159,21
NA,NA,"Mason","KY",161,21
NA,NA,"Meade","KY",163,21
NA,NA,"Menifee","KY",165,21
NA,NA,"Mercer","KY",167,21
NA,NA,"Metcalfe","KY",169,21
NA,NA,"Monroe","KY",171,21
NA,NA,"Montgomery","KY",173,21
NA,NA,"Morgan","KY",175,21
NA,NA,"Muhlenberg","KY",177,21
NA,NA,"Nelson","KY",179,21
NA,NA,"Nicholas","KY",181,21
NA,NA,"Ohio","KY",183,21
4520,NA,"Oldham","KY",185,21
NA,NA,"Owen","KY",187,21
NA,NA,"Owsley","KY",189,21
1642,1640,"Pendleton","KY",191,21
NA,NA,"Perry","KY",193,21
NA,NA,"Pike","KY",195,21
NA,NA,"Powell","KY",197,21
NA,NA,"Pulaski","KY",199,21
NA,NA,"Robertson","KY",201,21
NA,NA,"Rockcastle","KY",203,21
NA,NA,"Rowan","KY",205,21
NA,NA,"Russell","KY",207,21
4280,NA,"Scott","KY",209,21
NA,NA,"Shelby","KY",211,21
NA,NA,"Simpson","KY",213,21
NA,NA,"Spencer","KY",215,21
NA,NA,"Taylor","KY",217,21
NA,NA,"Todd","KY",219,21
NA,NA,"Trigg","KY",221,21
NA,NA,"Trimble","KY",223,21
NA,NA,"Union","KY",225,21
NA,NA,"Warren","KY",227,21
NA,NA,"Washington","KY",229,21
NA,NA,"Wayne","KY",231,21
NA,NA,"Webster","KY",233,21
NA,NA,"Whitley","KY",235,21
NA,NA,"Wolfe","KY",237,21
4280,NA,"Woodford","KY",239,21
3880,NA,"Acadia","LA",1,22
NA,NA,"Allen","LA",3,22
NA,NA,"Ascension","LA",5,22
NA,NA,"Assumption","LA",7,22
NA,NA,"Avoyelles","LA",9,22
NA,NA,"Beauregard","LA",11,22
NA,NA,"Bienville","LA",13,22
7680,NA,"Bossier","LA",15,22
7680,NA,"Caddo","LA",17,22
3960,NA,"Calcasieu","LA",19,22
NA,NA,"Caldwell","LA",21,22
NA,NA,"Cameron","LA",23,22
NA,NA,"Catahoula","LA",25,22
NA,NA,"Claiborne","LA",27,22
NA,NA,"Concordia","LA",29,22
NA,NA,"De Soto","LA",31,22
760,NA,"East Baton Rouge","LA",33,22
NA,NA,"East Carroll","LA",35,22
NA,NA,"East Feliciana","LA",37,22
NA,NA,"Evangeline","LA",39,22
NA,NA,"Franklin","LA",41,22
NA,NA,"Grant","LA",43,22
NA,NA,"Iberia","LA",45,22
NA,NA,"Iberville","LA",47,22
NA,NA,"Jackson","LA",49,22
5560,NA,"Jefferson","LA",51,22
NA,NA,"Jefferson Davis","LA",53,22
3880,NA,"Lafayette","LA",55,22
3350,NA,"Lafourche","LA",57,22
NA,NA,"La Salle","LA",59,22
NA,NA,"Lincoln","LA",61,22
760,NA,"Livingston","LA",63,22
NA,NA,"Madison","LA",65,22
NA,NA,"Morehouse","LA",67,22
NA,NA,"Natchitoches","LA",69,22
5560,NA,"Orleans","LA",71,22
5200,NA,"Ouachita","LA",73,22
5560,NA,"Plaquemines","LA",75,22
NA,NA,"Pointe Coupee","LA",77,22
220,NA,"Rapides","LA",79,22
NA,NA,"Red River","LA",81,22
NA,NA,"Richland","LA",83,22
NA,NA,"Sabine","LA",85,22
5560,NA,"St. Bernard","LA",87,22
5560,NA,"St. Charles","LA",89,22
NA,NA,"St. Helena","LA",91,22
5560,NA,"St. James","LA",93,22
5560,NA,"St. John the Baptist","LA",95,22
3880,NA,"St. Landry","LA",97,22
3880,NA,"St. Martin","LA",99,22
NA,NA,"St. Mary","LA",101,22
5560,NA,"St. Tammany","LA",103,22
NA,NA,"Tangipahoa","LA",105,22
NA,NA,"Tensas","LA",107,22
3350,NA,"Terrebonne","LA",109,22
NA,NA,"Union","LA",111,22
NA,NA,"Vermilion","LA",113,22
NA,NA,"Vernon","LA",115,22
NA,NA,"Washington","LA",117,22
7680,NA,"Webster","LA",119,22
760,NA,"West Baton Rouge","LA",121,22
NA,NA,"West Carroll","LA",123,22
NA,NA,"West Feliciana","LA",125,22
NA,NA,"Winn","LA",127,22
743,NA,"Barnstable","MA",1,25
6323,NA,"Berkshire","MA",3,25
1123,NA,"Bristol","MA",5,25
NA,NA,"Dukes","MA",7,25
1123,NA,"Essex","MA",9,25
NA,NA,"Franklin","MA",11,25
8003,NA,"Hampden","MA",13,25
8003,NA,"Hampshire","MA",15,25
1123,NA,"Middlesex","MA",17,25
NA,NA,"Nantucket","MA",19,25
1123,NA,"Norfolk","MA",21,25
1123,NA,"Plymouth","MA",23,25
1123,NA,"Suffolk","MA",25,25
1123,NA,"Worcester","MA",27,25
1900,NA,"Allegany","MD",1,24
8872,720,"Anne Arundel","MD",3,24
8872,720,"Baltimore","MD",5,24
8872,8840,"Calvert","MD",9,24
NA,NA,"Caroline","MD",11,24
8872,720,"Carroll","MD",13,24
6162,9160,"Cecil","MD",15,24
8872,8840,"Charles","MD",17,24
NA,NA,"Dorchester","MD",19,24
8872,8840,"Frederick","MD",21,24
NA,NA,"Garrett","MD",23,24
8872,720,"Harford","MD",25,24
8872,720,"Howard","MD",27,24
NA,NA,"Kent","MD",29,24
8872,8840,"Montgomery","MD",31,24
8872,8840,"Prince George's","MD",33,24
8872,720,"Queen Anne's","MD",35,24
NA,NA,"St. Mary's","MD",37,24
NA,NA,"Somerset","MD",39,24
NA,NA,"Talbot","MD",41,24
8872,3180,"Washington","MD",43,24
NA,NA,"Wicomico","MD",45,24
NA,NA,"Worcester","MD",47,24
8872,720,"Baltimore city","MD",510,24
4243,NA,"Androscoggin","ME",1,23
NA,NA,"Aroostook","ME",3,23
6403,NA,"Cumberland","ME",5,23
NA,NA,"Franklin","ME",7,23
NA,NA,"Hancock","ME",9,23
NA,NA,"Kennebec","ME",11,23
NA,NA,"Knox","ME",13,23
NA,NA,"Lincoln","ME",15,23
NA,NA,"Oxford","ME",17,23
733,NA,"Penobscot","ME",19,23
NA,NA,"Piscataquis","ME",21,23
NA,NA,"Sagadahoc","ME",23,23
NA,NA,"Somerset","ME",25,23
NA,NA,"Waldo","ME",27,23
NA,NA,"Washington","ME",29,23
NA,NA,"York","ME",31,23
NA,NA,"Alcona","MI",1,26
NA,NA,"Alger","MI",3,26
3000,NA,"Allegan","MI",5,26
NA,NA,"Alpena","MI",7,26
NA,NA,"Antrim","MI",9,26
NA,NA,"Arenac","MI",11,26
NA,NA,"Baraga","MI",13,26
NA,NA,"Barry","MI",15,26
6960,NA,"Bay","MI",17,26
NA,NA,"Benzie","MI",19,26
870,NA,"Berrien","MI",21,26
NA,NA,"Branch","MI",23,26
3720,NA,"Calhoun","MI",25,26
NA,NA,"Cass","MI",27,26
NA,NA,"Charlevoix","MI",29,26
NA,NA,"Cheboygan","MI",31,26
NA,NA,"Chippewa","MI",33,26
NA,NA,"Clare","MI",35,26
4040,NA,"Clinton","MI",37,26
NA,NA,"Crawford","MI",39,26
NA,NA,"Delta","MI",41,26
NA,NA,"Dickinson","MI",43,26
4040,NA,"Eaton","MI",45,26
NA,NA,"Emmet","MI",47,26
2162,2640,"Genesee","MI",49,26
NA,NA,"Gladwin","MI",51,26
NA,NA,"Gogebic","MI",53,26
NA,NA,"Grand Traverse","MI",55,26
NA,NA,"Gratiot","MI",57,26
NA,NA,"Hillsdale","MI",59,26
NA,NA,"Houghton","MI",61,26
NA,NA,"Huron","MI",63,26
4040,NA,"Ingham","MI",65,26
NA,NA,"Ionia","MI",67,26
NA,NA,"Iosco","MI",69,26
NA,NA,"Iron","MI",71,26
NA,NA,"Isabella","MI",73,26
3520,NA,"Jackson","MI",75,26
3720,NA,"Kalamazoo","MI",77,26
NA,NA,"Kalkaska","MI",79,26
3000,NA,"Kent","MI",81,26
NA,NA,"Keweenaw","MI",83,26
NA,NA,"Lake","MI",85,26
2162,2160,"Lapeer","MI",87,26
NA,NA,"Leelanau","MI",89,26
2162,440,"Lenawee","MI",91,26
2162,440,"Livingston","MI",93,26
NA,NA,"Luce","MI",95,26
NA,NA,"Mackinac","MI",97,26
2162,2160,"Macomb","MI",99,26
NA,NA,"Manistee","MI",101,26
NA,NA,"Marquette","MI",103,26
NA,NA,"Mason","MI",105,26
NA,NA,"Mecosta","MI",107,26
NA,NA,"Menominee","MI",109,26
6960,NA,"Midland","MI",111,26
NA,NA,"Missaukee","MI",113,26
2162,2160,"Monroe","MI",115,26
NA,NA,"Montcalm","MI",117,26
NA,NA,"Montmorency","MI",119,26
3000,NA,"Muskegon","MI",121,26
NA,NA,"Newaygo","MI",123,26
2162,2160,"Oakland","MI",125,26
NA,NA,"Oceana","MI",127,26
NA,NA,"Ogemaw","MI",129,26
NA,NA,"Ontonagon","MI",131,26
NA,NA,"Osceola","MI",133,26
NA,NA,"Oscoda","MI",135,26
NA,NA,"Otsego","MI",137,26
3000,NA,"Ottawa","MI",139,26
NA,NA,"Presque Isle","MI",141,26
NA,NA,"Roscommon","MI",143,26
6960,NA,"Saginaw","MI",145,26
2162,2160,"St. Clair","MI",147,26
NA,NA,"St. Joseph","MI",149,26
NA,NA,"Sanilac","MI",151,26
NA,NA,"Schoolcraft","MI",153,26
NA,NA,"Shiawassee","MI",155,26
NA,NA,"Tuscola","MI",157,26
3720,NA,"Van Buren","MI",159,26
2162,440,"Washtenaw","MI",161,26
2162,2160,"Wayne","MI",163,26
NA,NA,"Wexford","MI",165,26
NA,NA,"Aitkin","MN",1,27
5120,NA,"Anoka","MN",3,27
NA,NA,"Becker","MN",5,27
NA,NA,"Beltrami","MN",7,27
6980,NA,"Benton","MN",9,27
NA,NA,"Big Stone","MN",11,27
NA,NA,"Blue Earth","MN",13,27
NA,NA,"Brown","MN",15,27
NA,NA,"Carlton","MN",17,27
5120,NA,"Carver","MN",19,27
NA,NA,"Cass","MN",21,27
NA,NA,"Chippewa","MN",23,27
5120,NA,"Chisago","MN",25,27
2520,NA,"Clay","MN",27,27
NA,NA,"Clearwater","MN",29,27
NA,NA,"Cook","MN",31,27
NA,NA,"Cottonwood","MN",33,27
NA,NA,"Crow Wing","MN",35,27
5120,NA,"Dakota","MN",37,27
NA,NA,"Dodge","MN",39,27
NA,NA,"Douglas","MN",41,27
NA,NA,"Faribault","MN",43,27
NA,NA,"Fillmore","MN",45,27
NA,NA,"Freeborn","MN",47,27
NA,NA,"Goodhue","MN",49,27
NA,NA,"Grant","MN",51,27
5120,NA,"Hennepin","MN",53,27
3870,NA,"Houston","MN",55,27
NA,NA,"Hubbard","MN",57,27
5120,NA,"Isanti","MN",59,27
NA,NA,"Itasca","MN",61,27
NA,NA,"Jackson","MN",63,27
NA,NA,"Kanabec","MN",65,27
NA,NA,"Kandiyohi","MN",67,27
NA,NA,"Kittson","MN",69,27
NA,NA,"Koochiching","MN",71,27
NA,NA,"Lac qui Parle","MN",73,27
NA,NA,"Lake","MN",75,27
NA,NA,"Lake of the Woods","MN",77,27
NA,NA,"Le Sueur","MN",79,27
NA,NA,"Lincoln","MN",81,27
NA,NA,"Lyon","MN",83,27
NA,NA,"McLeod","MN",85,27
NA,NA,"Mahnomen","MN",87,27
NA,NA,"Marshall","MN",89,27
NA,NA,"Martin","MN",91,27
NA,NA,"Meeker","MN",93,27
NA,NA,"Mille Lacs","MN",95,27
NA,NA,"Morrison","MN",97,27
NA,NA,"Mower","MN",99,27
NA,NA,"Murray","MN",101,27
NA,NA,"Nicollet","MN",103,27
NA,NA,"Nobles","MN",105,27
NA,NA,"Norman","MN",107,27
6820,NA,"Olmsted","MN",109,27
NA,NA,"Otter Tail","MN",111,27
NA,NA,"Pennington","MN",113,27
NA,NA,"Pine","MN",115,27
NA,NA,"Pipestone","MN",117,27
2985,NA,"Polk","MN",119,27
NA,NA,"Pope","MN",121,27
5120,NA,"Ramsey","MN",123,27
NA,NA,"Red Lake","MN",125,27
NA,NA,"Redwood","MN",127,27
NA,NA,"Renville","MN",129,27
NA,NA,"Rice","MN",131,27
NA,NA,"Rock","MN",133,27
NA,NA,"Roseau","MN",135,27
2240,NA,"St. Louis","MN",137,27
5120,NA,"Scott","MN",139,27
5120,NA,"Sherburne","MN",141,27
NA,NA,"Sibley","MN",143,27
6980,NA,"Stearns","MN",145,27
NA,NA,"Steele","MN",147,27
NA,NA,"Stevens","MN",149,27
NA,NA,"Swift","MN",151,27
NA,NA,"Todd","MN",153,27
NA,NA,"Traverse","MN",155,27
NA,NA,"Wabasha","MN",157,27
NA,NA,"Wadena","MN",159,27
NA,NA,"Waseca","MN",161,27
5120,NA,"Washington","MN",163,27
NA,NA,"Watonwan","MN",165,27
NA,NA,"Wilkin","MN",167,27
NA,NA,"Winona","MN",169,27
5120,NA,"Wright","MN",171,27
NA,NA,"Yellow Medicine","MN",173,27
NA,NA,"Adair","MO",1,29
7000,NA,"Andrew","MO",3,29
NA,NA,"Atchison","MO",5,29
NA,NA,"Audrain","MO",7,29
NA,NA,"Barry","MO",9,29
NA,NA,"Barton","MO",11,29
NA,NA,"Bates","MO",13,29
NA,NA,"Benton","MO",15,29
NA,NA,"Bollinger","MO",17,29
1740,NA,"Boone","MO",19,29
7000,NA,"Buchanan","MO",21,29
NA,NA,"Butler","MO",23,29
NA,NA,"Caldwell","MO",25,29
NA,NA,"Callaway","MO",27,29
NA,NA,"Camden","MO",29,29
NA,NA,"Cape Girardeau","MO",31,29
NA,NA,"Carroll","MO",33,29
NA,NA,"Carter","MO",35,29
3760,NA,"Cass","MO",37,29
NA,NA,"Cedar","MO",39,29
NA,NA,"Chariton","MO",41,29
7920,NA,"Christian","MO",43,29
NA,NA,"Clark","MO",45,29
3760,NA,"Clay","MO",47,29
3760,NA,"Clinton","MO",49,29
NA,NA,"Cole","MO",51,29
NA,NA,"Cooper","MO",53,29
NA,NA,"Crawford","MO",55,29
NA,NA,"Dade","MO",57,29
NA,NA,"Dallas","MO",59,29
NA,NA,"Daviess","MO",61,29
NA,NA,"De Kalb","MO",63,29
NA,NA,"Dent","MO",65,29
NA,NA,"Douglas","MO",67,29
NA,NA,"Dunklin","MO",69,29
7040,NA,"Franklin","MO",71,29
NA,NA,"Gasconade","MO",73,29
NA,NA,"Gentry","MO",75,29
7920,NA,"Greene","MO",77,29
NA,NA,"Grundy","MO",79,29
NA,NA,"Harrison","MO",81,29
NA,NA,"Henry","MO",83,29
NA,NA,"Hickory","MO",85,29
NA,NA,"Holt","MO",87,29
NA,NA,"Howard","MO",89,29
NA,NA,"Howell","MO",91,29
NA,NA,"Iron","MO",93,29
3760,NA,"Jackson","MO",95,29
3710,NA,"Jasper","MO",97,29
7040,NA,"Jefferson","MO",99,29
NA,NA,"Johnson","MO",101,29
NA,NA,"Knox","MO",103,29
NA,NA,"Laclede","MO",105,29
3760,NA,"Lafayette","MO",107,29
NA,NA,"Lawrence","MO",109,29
NA,NA,"Lewis","MO",111,29
7040,NA,"Lincoln","MO",113,29
NA,NA,"Linn","MO",115,29
NA,NA,"Livingston","MO",117,29
NA,NA,"McDonald","MO",119,29
NA,NA,"Macon","MO",121,29
NA,NA,"Madison","MO",123,29
NA,NA,"Maries","MO",125,29
NA,NA,"Marion","MO",127,29
NA,NA,"Mercer","MO",129,29
NA,NA,"Miller","MO",131,29
NA,NA,"Mississippi","MO",133,29
NA,NA,"Moniteau","MO",135,29
NA,NA,"Monroe","MO",137,29
NA,NA,"Montgomery","MO",139,29
NA,NA,"Morgan","MO",141,29
NA,NA,"New Madrid","MO",143,29
3710,NA,"Newton","MO",145,29
NA,NA,"Nodaway","MO",147,29
NA,NA,"Oregon","MO",149,29
NA,NA,"Osage","MO",151,29
NA,NA,"Ozark","MO",153,29
NA,NA,"Pemiscot","MO",155,29
NA,NA,"Perry","MO",157,29
NA,NA,"Pettis","MO",159,29
NA,NA,"Phelps","MO",161,29
NA,NA,"Pike","MO",163,29
3760,NA,"Platte","MO",165,29
NA,NA,"Polk","MO",167,29
NA,NA,"Pulaski","MO",169,29
NA,NA,"Putnam","MO",171,29
NA,NA,"Ralls","MO",173,29
NA,NA,"Randolph","MO",175,29
3760,NA,"Ray","MO",177,29
NA,NA,"Reynolds","MO",179,29
NA,NA,"Ripley","MO",181,29
7040,NA,"St. Charles","MO",183,29
NA,NA,"St. Clair","MO",185,29
NA,NA,"Ste. Genevieve","MO",186,29
NA,NA,"St. Francois","MO",187,29
7040,NA,"St. Louis","MO",189,29
NA,NA,"Saline","MO",195,29
NA,NA,"Schuyler","MO",197,29
NA,NA,"Scotland","MO",199,29
NA,NA,"Scott","MO",201,29
NA,NA,"Shannon","MO",203,29
NA,NA,"Shelby","MO",205,29
NA,NA,"Stoddard","MO",207,29
NA,NA,"Stone","MO",209,29
NA,NA,"Sullivan","MO",211,29
NA,NA,"Taney","MO",213,29
NA,NA,"Texas","MO",215,29
NA,NA,"Vernon","MO",217,29
7040,NA,"Warren","MO",219,29
NA,NA,"Washington","MO",221,29
NA,NA,"Wayne","MO",223,29
7920,NA,"Webster","MO",225,29
NA,NA,"Worth","MO",227,29
NA,NA,"Wright","MO",229,29
7040,NA,"St. Louis city","MO",510,29
NA,NA,"Adams","MS",1,28
NA,NA,"Alcorn","MS",3,28
NA,NA,"Amite","MS",5,28
NA,NA,"Attala","MS",7,28
NA,NA,"Benton","MS",9,28
NA,NA,"Bolivar","MS",11,28
NA,NA,"Calhoun","MS",13,28
NA,NA,"Carroll","MS",15,28
NA,NA,"Chickasaw","MS",17,28
NA,NA,"Choctaw","MS",19,28
NA,NA,"Claiborne","MS",21,28
NA,NA,"Clarke","MS",23,28
NA,NA,"Clay","MS",25,28
NA,NA,"Coahoma","MS",27,28
NA,NA,"Copiah","MS",29,28
NA,NA,"Covington","MS",31,28
4920,NA,"DeSoto","MS",33,28
NA,NA,"Forrest","MS",35,28
NA,NA,"Franklin","MS",37,28
NA,NA,"George","MS",39,28
NA,NA,"Greene","MS",41,28
NA,NA,"Grenada","MS",43,28
920,NA,"Hancock","MS",45,28
920,NA,"Harrison","MS",47,28
3560,NA,"Hinds","MS",49,28
NA,NA,"Holmes","MS",51,28
NA,NA,"Humphreys","MS",53,28
NA,NA,"Issaquena","MS",55,28
NA,NA,"Itawamba","MS",57,28
920,NA,"Jackson","MS",59,28
NA,NA,"Jasper","MS",61,28
NA,NA,"Jefferson","MS",63,28
NA,NA,"Jefferson Davis","MS",65,28
NA,NA,"Jones","MS",67,28
NA,NA,"Kemper","MS",69,28
NA,NA,"Lafayette","MS",71,28
NA,NA,"Lamar","MS",73,28
NA,NA,"Lauderdale","MS",75,28
NA,NA,"Lawrence","MS",77,28
NA,NA,"Leake","MS",79,28
NA,NA,"Lee","MS",81,28
NA,NA,"Leflore","MS",83,28
NA,NA,"Lincoln","MS",85,28
NA,NA,"Lowndes","MS",87,28
3560,NA,"Madison","MS",89,28
NA,NA,"Marion","MS",91,28
NA,NA,"Marshall","MS",93,28
NA,NA,"Monroe","MS",95,28
NA,NA,"Montgomery","MS",97,28
NA,NA,"Neshoba","MS",99,28
NA,NA,"Newton","MS",101,28
NA,NA,"Noxubee","MS",103,28
NA,NA,"Oktibbeha","MS",105,28
NA,NA,"Panola","MS",107,28
NA,NA,"Pearl River","MS",109,28
NA,NA,"Perry","MS",111,28
NA,NA,"Pike","MS",113,28
NA,NA,"Pontotoc","MS",115,28
NA,NA,"Prentiss","MS",117,28
NA,NA,"Quitman","MS",119,28
3560,NA,"Rankin","MS",121,28
NA,NA,"Scott","MS",123,28
NA,NA,"Sharkey","MS",125,28
NA,NA,"Simpson","MS",127,28
NA,NA,"Smith","MS",129,28
NA,NA,"Stone","MS",131,28
NA,NA,"Sunflower","MS",133,28
NA,NA,"Tallahatchie","MS",135,28
NA,NA,"Tate","MS",137,28
NA,NA,"Tippah","MS",139,28
NA,NA,"Tishomingo","MS",141,28
NA,NA,"Tunica","MS",143,28
NA,NA,"Union","MS",145,28
NA,NA,"Walthall","MS",147,28
NA,NA,"Warren","MS",149,28
NA,NA,"Washington","MS",151,28
NA,NA,"Wayne","MS",153,28
NA,NA,"Webster","MS",155,28
NA,NA,"Wilkinson","MS",157,28
NA,NA,"Winston","MS",159,28
NA,NA,"Yalobusha","MS",161,28
NA,NA,"Yazoo","MS",163,28
NA,NA,"Beaverhead","MT",1,30
NA,NA,"Big Horn","MT",3,30
NA,NA,"Blaine","MT",5,30
NA,NA,"Broadwater","MT",7,30
NA,NA,"Carbon","MT",9,30
NA,NA,"Carter","MT",11,30
3040,NA,"Cascade","MT",13,30
NA,NA,"Chouteau","MT",15,30
NA,NA,"Custer","MT",17,30
NA,NA,"Daniels","MT",19,30
NA,NA,"Dawson","MT",21,30
NA,NA,"Deer Lodge","MT",23,30
NA,NA,"Fallon","MT",25,30
NA,NA,"Fergus","MT",27,30
NA,NA,"Flathead","MT",29,30
NA,NA,"Gallatin","MT",31,30
NA,NA,"Garfield","MT",33,30
NA,NA,"Glacier","MT",35,30
NA,NA,"Golden Valley","MT",37,30
NA,NA,"Granite","MT",39,30
NA,NA,"Hill","MT",41,30
NA,NA,"Jefferson","MT",43,30
NA,NA,"Judith Basin","MT",45,30
NA,NA,"Lake","MT",47,30
NA,NA,"Lewis and Clark","MT",49,30
NA,NA,"Liberty","MT",51,30
NA,NA,"Lincoln","MT",53,30
NA,NA,"McCone","MT",55,30
NA,NA,"Madison","MT",57,30
NA,NA,"Meagher","MT",59,30
NA,NA,"Mineral","MT",61,30
NA,NA,"Missoula","MT",63,30
NA,NA,"Musselshell","MT",65,30
NA,NA,"Park","MT",67,30
NA,NA,"Petroleum","MT",69,30
NA,NA,"Phillips","MT",71,30
NA,NA,"Pondera","MT",73,30
NA,NA,"Powder River","MT",75,30
NA,NA,"Powell","MT",77,30
NA,NA,"Prairie","MT",79,30
NA,NA,"Ravalli","MT",81,30
NA,NA,"Richland","MT",83,30
NA,NA,"Roosevelt","MT",85,30
NA,NA,"Rosebud","MT",87,30
NA,NA,"Sanders","MT",89,30
NA,NA,"Sheridan","MT",91,30
NA,NA,"Silver Bow","MT",93,30
NA,NA,"Stillwater","MT",95,30
NA,NA,"Sweet Grass","MT",97,30
NA,NA,"Teton","MT",99,30
NA,NA,"Toole","MT",101,30
NA,NA,"Treasure","MT",103,30
NA,NA,"Valley","MT",105,30
NA,NA,"Wheatland","MT",107,30
NA,NA,"Wibaux","MT",109,30
880,NA,"Yellowstone","MT",111,30
NA,NA,"Yellowstone National Park","MT",113,30
3120,NA,"Alamance","NC",1,37
3290,NA,"Alexander","NC",3,37
NA,NA,"Alleghany","NC",5,37
NA,NA,"Anson","NC",7,37
NA,NA,"Ashe","NC",9,37
NA,NA,"Avery","NC",11,37
NA,NA,"Beaufort","NC",13,37
NA,NA,"Bertie","NC",15,37
NA,NA,"Bladen","NC",17,37
NA,NA,"Brunswick","NC",19,37
480,NA,"Buncombe","NC",21,37
3290,NA,"Burke","NC",23,37
1520,NA,"Cabarrus","NC",25,37
3290,NA,"Caldwell","NC",27,37
NA,NA,"Camden","NC",29,37
NA,NA,"Carteret","NC",31,37
NA,NA,"Caswell","NC",33,37
3290,NA,"Catawba","NC",35,37
6640,NA,"Chatham","NC",37,37
NA,NA,"Cherokee","NC",39,37
NA,NA,"Chowan","NC",41,37
NA,NA,"Clay","NC",43,37
NA,NA,"Cleveland","NC",45,37
NA,NA,"Columbus","NC",47,37
NA,NA,"Craven","NC",49,37
2560,NA,"Cumberland","NC",51,37
5720,NA,"Currituck","NC",53,37
NA,NA,"Dare","NC",55,37
3120,NA,"Davidson","NC",57,37
3120,NA,"Davie","NC",59,37
NA,NA,"Duplin","NC",61,37
6640,NA,"Durham","NC",63,37
6895,NA,"Edgecombe","NC",65,37
3120,NA,"Forsyth","NC",67,37
6640,NA,"Franklin","NC",69,37
1520,NA,"Gaston","NC",71,37
NA,NA,"Gates","NC",73,37
NA,NA,"Graham","NC",75,37
NA,NA,"Granville","NC",77,37
NA,NA,"Greene","NC",79,37
3120,NA,"Guilford","NC",81,37
NA,NA,"Halifax","NC",83,37
NA,NA,"Harnett","NC",85,37
NA,NA,"Haywood","NC",87,37
NA,NA,"Henderson","NC",89,37
NA,NA,"Hertford","NC",91,37
NA,NA,"Hoke","NC",93,37
NA,NA,"Hyde","NC",95,37
NA,NA,"Iredell","NC",97,37
NA,NA,"Jackson","NC",99,37
6640,NA,"Johnston","NC",101,37
NA,NA,"Jones","NC",103,37
NA,NA,"Lee","NC",105,37
NA,NA,"Lenoir","NC",107,37
1520,NA,"Lincoln","NC",109,37
NA,NA,"McDowell","NC",111,37
NA,NA,"Macon","NC",113,37
480,NA,"Madison","NC",115,37
NA,NA,"Martin","NC",117,37
1520,NA,"Mecklenburg","NC",119,37
NA,NA,"Mitchell","NC",121,37
NA,NA,"Montgomery","NC",123,37
NA,NA,"Moore","NC",125,37
6895,NA,"Nash","NC",127,37
9200,NA,"New Hanover","NC",129,37
NA,NA,"Northampton","NC",131,37
3605,NA,"Onslow","NC",133,37
6640,NA,"Orange","NC",135,37
NA,NA,"Pamlico","NC",137,37
NA,NA,"Pasquotank","NC",139,37
NA,NA,"Pender","NC",141,37
NA,NA,"Perquimans","NC",143,37
NA,NA,"Person","NC",145,37
3150,NA,"Pitt","NC",147,37
NA,NA,"Polk","NC",149,37
3120,NA,"Randolph","NC",151,37
NA,NA,"Richmond","NC",153,37
NA,NA,"Robeson","NC",155,37
NA,NA,"Rockingham","NC",157,37
1520,NA,"Rowan","NC",159,37
NA,NA,"Rutherford","NC",161,37
NA,NA,"Sampson","NC",163,37
NA,NA,"Scotland","NC",165,37
NA,NA,"Stanly","NC",167,37
3120,NA,"Stokes","NC",169,37
NA,NA,"Surry","NC",171,37
NA,NA,"Swain","NC",173,37
NA,NA,"Transylvania","NC",175,37
NA,NA,"Tyrrell","NC",177,37
1520,NA,"Union","NC",179,37
NA,NA,"Vance","NC",181,37
6640,NA,"Wake","NC",183,37
NA,NA,"Warren","NC",185,37
NA,NA,"Washington","NC",187,37
NA,NA,"Watauga","NC",189,37
2980,NA,"Wayne","NC",191,37
NA,NA,"Wilkes","NC",193,37
NA,NA,"Wilson","NC",195,37
3120,NA,"Yadkin","NC",197,37
NA,NA,"Yancey","NC",199,37
NA,NA,"Adams","ND",1,38
NA,NA,"Barnes","ND",3,38
NA,NA,"Benson","ND",5,38
NA,NA,"Billings","ND",7,38
NA,NA,"Bottineau","ND",9,38
NA,NA,"Bowman","ND",11,38
NA,NA,"Burke","ND",13,38
1010,NA,"Burleigh","ND",15,38
2520,NA,"Cass","ND",17,38
NA,NA,"Cavalier","ND",19,38
NA,NA,"Dickey","ND",21,38
NA,NA,"Divide","ND",23,38
NA,NA,"Dunn","ND",25,38
NA,NA,"Eddy","ND",27,38
NA,NA,"Emmons","ND",29,38
NA,NA,"Foster","ND",31,38
NA,NA,"Golden Valley","ND",33,38
2985,NA,"Grand Forks","ND",35,38
NA,NA,"Grant","ND",37,38
NA,NA,"Griggs","ND",39,38
NA,NA,"Hettinger","ND",41,38
NA,NA,"Kidder","ND",43,38
NA,NA,"La Moure","ND",45,38
NA,NA,"Logan","ND",47,38
NA,NA,"McHenry","ND",49,38
NA,NA,"McIntosh","ND",51,38
NA,NA,"McKenzie","ND",53,38
NA,NA,"McLean","ND",55,38
NA,NA,"Mercer","ND",57,38
1010,NA,"Morton","ND",59,38
NA,NA,"Mountrail","ND",61,38
NA,NA,"Nelson","ND",63,38
NA,NA,"Oliver","ND",65,38
NA,NA,"Pembina","ND",67,38
NA,NA,"Pierce","ND",69,38
NA,NA,"Ramsey","ND",71,38
NA,NA,"Ransom","ND",73,38
NA,NA,"Renville","ND",75,38
NA,NA,"Richland","ND",77,38
NA,NA,"Rolette","ND",79,38
NA,NA,"Sargent","ND",81,38
NA,NA,"Sheridan","ND",83,38
NA,NA,"Sioux","ND",85,38
NA,NA,"Slope","ND",87,38
NA,NA,"Stark","ND",89,38
NA,NA,"Steele","ND",91,38
NA,NA,"Stutsman","ND",93,38
NA,NA,"Towner","ND",95,38
NA,NA,"Traill","ND",97,38
NA,NA,"Walsh","ND",99,38
NA,NA,"Ward","ND",101,38
NA,NA,"Wells","ND",103,38
NA,NA,"Williams","ND",105,38
NA,NA,"Adams","NE",1,31
NA,NA,"Antelope","NE",3,31
NA,NA,"Arthur","NE",5,31
NA,NA,"Banner","NE",7,31
NA,NA,"Blaine","NE",9,31
NA,NA,"Boone","NE",11,31
NA,NA,"Box Butte","NE",13,31
NA,NA,"Boyd","NE",15,31
NA,NA,"Brown","NE",17,31
NA,NA,"Buffalo","NE",19,31
NA,NA,"Burt","NE",21,31
NA,NA,"Butler","NE",23,31
5920,NA,"Cass","NE",25,31
NA,NA,"Cedar","NE",27,31
NA,NA,"Chase","NE",29,31
NA,NA,"Cherry","NE",31,31
NA,NA,"Cheyenne","NE",33,31
NA,NA,"Clay","NE",35,31
NA,NA,"Colfax","NE",37,31
NA,NA,"Cuming","NE",39,31
NA,NA,"Custer","NE",41,31
7720,NA,"Dakota","NE",43,31
NA,NA,"Dawes","NE",45,31
NA,NA,"Dawson","NE",47,31
NA,NA,"Deuel","NE",49,31
NA,NA,"Dixon","NE",51,31
NA,NA,"Dodge","NE",53,31
5920,NA,"Douglas","NE",55,31
NA,NA,"Dundy","NE",57,31
NA,NA,"Fillmore","NE",59,31
NA,NA,"Franklin","NE",61,31
NA,NA,"Frontier","NE",63,31
NA,NA,"Furnas","NE",65,31
NA,NA,"Gage","NE",67,31
NA,NA,"Garden","NE",69,31
NA,NA,"Garfield","NE",71,31
NA,NA,"Gosper","NE",73,31
NA,NA,"Grant","NE",75,31
NA,NA,"Greeley","NE",77,31
NA,NA,"Hall","NE",79,31
NA,NA,"Hamilton","NE",81,31
NA,NA,"Harlan","NE",83,31
NA,NA,"Hayes","NE",85,31
NA,NA,"Hitchcock","NE",87,31
NA,NA,"Holt","NE",89,31
NA,NA,"Hooker","NE",91,31
NA,NA,"Howard","NE",93,31
NA,NA,"Jefferson","NE",95,31
NA,NA,"Johnson","NE",97,31
NA,NA,"Kearney","NE",99,31
NA,NA,"Keith","NE",101,31
NA,NA,"Keya Paha","NE",103,31
NA,NA,"Kimball","NE",105,31
NA,NA,"Knox","NE",107,31
4360,NA,"Lancaster","NE",109,31
NA,NA,"Lincoln","NE",111,31
NA,NA,"Logan","NE",113,31
NA,NA,"Loup","NE",115,31
NA,NA,"McPherson","NE",117,31
NA,NA,"Madison","NE",119,31
NA,NA,"Merrick","NE",121,31
NA,NA,"Morrill","NE",123,31
NA,NA,"Nance","NE",125,31
NA,NA,"Nemaha","NE",127,31
NA,NA,"Nuckolls","NE",129,31
NA,NA,"Otoe","NE",131,31
NA,NA,"Pawnee","NE",133,31
NA,NA,"Perkins","NE",135,31
NA,NA,"Phelps","NE",137,31
NA,NA,"Pierce","NE",139,31
NA,NA,"Platte","NE",141,31
NA,NA,"Polk","NE",143,31
NA,NA,"Red Willow","NE",145,31
NA,NA,"Richardson","NE",147,31
NA,NA,"Rock","NE",149,31
NA,NA,"Saline","NE",151,31
5920,NA,"Sarpy","NE",153,31
NA,NA,"Saunders","NE",155,31
NA,NA,"Scotts Bluff","NE",157,31
NA,NA,"Seward","NE",159,31
NA,NA,"Sheridan","NE",161,31
NA,NA,"Sherman","NE",163,31
NA,NA,"Sioux","NE",165,31
NA,NA,"Stanton","NE",167,31
NA,NA,"Thayer","NE",169,31
NA,NA,"Thomas","NE",171,31
NA,NA,"Thurston","NE",173,31
NA,NA,"Valley","NE",175,31
5920,NA,"Washington","NE",177,31
NA,NA,"Wayne","NE",179,31
NA,NA,"Webster","NE",181,31
NA,NA,"Wheeler","NE",183,31
NA,NA,"York","NE",185,31
NA,NA,"Belknap","NH",1,33
NA,NA,"Carroll","NH",3,33
NA,NA,"Cheshire","NH",5,33
NA,NA,"Coos","NH",7,33
NA,NA,"Grafton","NH",9,33
1123,NA,"Hillsborough","NH",11,33
NA,NA,"Merrimack","NH",13,33
1123,NA,"Rockingham","NH",15,33
1123,NA,"Strafford","NH",17,33
NA,NA,"Sullivan","NH",19,33
6162,560,"Atlantic","NJ",1,34
5602,875,"Bergen","NJ",3,34
6162,6160,"Burlington","NJ",5,34
6162,6160,"Camden","NJ",7,34
6162,560,"Cape May","NJ",9,34
6162,8760,"Cumberland","NJ",11,34
5602,5640,"Essex","NJ",13,34
6162,6160,"Gloucester","NJ",15,34
5602,3640,"Hudson","NJ",17,34
5602,5015,"Hunterdon","NJ",19,34
5602,8480,"Mercer","NJ",21,34
5602,5015,"Middlesex","NJ",23,34
5602,5190,"Monmouth","NJ",25,34
5602,5640,"Morris","NJ",27,34
5602,5190,"Ocean","NJ",29,34
5602,875,"Passaic","NJ",31,34
6162,6160,"Salem","NJ",33,34
5602,5015,"Somerset","NJ",35,34
5602,5640,"Sussex","NJ",37,34
5602,5640,"Union","NJ",39,34
5602,5640,"Warren","NJ",41,34
200,NA,"Bernalillo","NM",1,35
NA,NA,"Catron","NM",3,35
NA,NA,"Chaves","NM",5,35
NA,NA,"Cibola","NM",6,35
NA,NA,"Colfax","NM",7,35
NA,NA,"Curry","NM",9,35
NA,NA,"De Baca","NM",11,35
4100,NA,"Dona Ana","NM",13,35
NA,NA,"Eddy","NM",15,35
NA,NA,"Grant","NM",17,35
NA,NA,"Guadalupe","NM",19,35
NA,NA,"Harding","NM",21,35
NA,NA,"Hidalgo","NM",23,35
NA,NA,"Lea","NM",25,35
NA,NA,"Lincoln","NM",27,35
7490,NA,"Los Alamos","NM",28,35
NA,NA,"Luna","NM",29,35
NA,NA,"McKinley","NM",31,35
NA,NA,"Mora","NM",33,35
NA,NA,"Otero","NM",35,35
NA,NA,"Quay","NM",37,35
NA,NA,"Rio Arriba","NM",39,35
NA,NA,"Roosevelt","NM",41,35
200,NA,"Sandoval","NM",43,35
NA,NA,"San Juan","NM",45,35
NA,NA,"San Miguel","NM",47,35
7490,NA,"Santa Fe","NM",49,35
NA,NA,"Sierra","NM",51,35
NA,NA,"Socorro","NM",53,35
NA,NA,"Taos","NM",55,35
NA,NA,"Torrance","NM",57,35
NA,NA,"Union","NM",59,35
200,NA,"Valencia","NM",61,35
NA,NA,"Churchill","NV",1,32
4120,NA,"Clark","NV",3,32
NA,NA,"Douglas","NV",5,32
NA,NA,"Elko","NV",7,32
NA,NA,"Esmeralda","NV",9,32
NA,NA,"Eureka","NV",11,32
NA,NA,"Humboldt","NV",13,32
NA,NA,"Lander","NV",15,32
NA,NA,"Lincoln","NV",17,32
NA,NA,"Lyon","NV",19,32
NA,NA,"Mineral","NV",21,32
4120,NA,"Nye","NV",23,32
NA,NA,"Pershing","NV",27,32
NA,NA,"Storey","NV",29,32
6720,NA,"Washoe","NV",31,32
NA,NA,"White Pine","NV",33,32
NA,NA,"Carson City city","NV",510,32
160,NA,"Albany","NY",1,36
NA,NA,"Allegany","NY",3,36
5602,5600,"Bronx","NY",5,36
960,NA,"Broome","NY",7,36
NA,NA,"Cattaraugus","NY",9,36
8160,NA,"Cayuga","NY",11,36
3610,NA,"Chautauqua","NY",13,36
2335,NA,"Chemung","NY",15,36
NA,NA,"Chenango","NY",17,36
NA,NA,"Clinton","NY",19,36
NA,NA,"Columbia","NY",21,36
NA,NA,"Cortland","NY",23,36
NA,NA,"Delaware","NY",25,36
5602,2281,"Dutchess","NY",27,36
1280,NA,"Erie","NY",29,36
NA,NA,"Essex","NY",31,36
NA,NA,"Franklin","NY",33,36
NA,NA,"Fulton","NY",35,36
6840,NA,"Genesee","NY",37,36
NA,NA,"Greene","NY",39,36
NA,NA,"Hamilton","NY",41,36
8680,NA,"Herkimer","NY",43,36
NA,NA,"Jefferson","NY",45,36
5602,5600,"Kings","NY",47,36
NA,NA,"Lewis","NY",49,36
6840,NA,"Livingston","NY",51,36
8160,NA,"Madison","NY",53,36
6840,NA,"Monroe","NY",55,36
160,NA,"Montgomery","NY",57,36
5602,5380,"Nassau","NY",59,36
5602,5600,"New York","NY",61,36
1280,NA,"Niagara","NY",63,36
8680,NA,"Oneida","NY",65,36
8160,NA,"Onondaga","NY",67,36
6840,NA,"Ontario","NY",69,36
5602,5660,"Orange","NY",71,36
6840,NA,"Orleans","NY",73,36
8160,NA,"Oswego","NY",75,36
NA,NA,"Otsego","NY",77,36
5602,5600,"Putnam","NY",79,36
5602,5600,"Queens","NY",81,36
160,NA,"Rensselaer","NY",83,36
5602,5600,"Richmond","NY",85,36
5602,5600,"Rockland","NY",87,36
NA,NA,"St. Lawrence","NY",89,36
160,NA,"Saratoga","NY",91,36
160,NA,"Schenectady","NY",93,36
160,NA,"Schoharie","NY",95,36
NA,NA,"Schuyler","NY",97,36
NA,NA,"Seneca","NY",99,36
NA,NA,"Steuben","NY",101,36
5602,5380,"Suffolk","NY",103,36
NA,NA,"Sullivan","NY",105,36
960,NA,"Tioga","NY",107,36
NA,NA,"Tompkins","NY",109,36
NA,NA,"Ulster","NY",111,36
2975,NA,"Warren","NY",113,36
2975,NA,"Washington","NY",115,36
6840,NA,"Wayne","NY",117,36
5602,5600,"Westchester","NY",119,36
NA,NA,"Wyoming","NY",121,36
NA,NA,"Yates","NY",123,36
NA,NA,"Adams","OH",1,39
4320,NA,"Allen","OH",3,39
NA,NA,"Ashland","OH",5,39
1692,1680,"Ashtabula","OH",7,39
NA,NA,"Athens","OH",9,39
4320,NA,"Auglaize","OH",11,39
9000,NA,"Belmont","OH",13,39
1642,1640,"Brown","OH",15,39
1642,3200,"Butler","OH",17,39
1320,NA,"Carroll","OH",19,39
NA,NA,"Champaign","OH",21,39
2000,NA,"Clark","OH",23,39
1642,1640,"Clermont","OH",25,39
NA,NA,"Clinton","OH",27,39
9320,NA,"Columbiana","OH",29,39
NA,NA,"Coshocton","OH",31,39
4800,NA,"Crawford","OH",33,39
1692,1680,"Cuyahoga","OH",35,39
NA,NA,"Darke","OH",37,39
NA,NA,"Defiance","OH",39,39
1840,NA,"Delaware","OH",41,39
NA,NA,"Erie","OH",43,39
1840,NA,"Fairfield","OH",45,39
NA,NA,"Fayette","OH",47,39
1840,NA,"Franklin","OH",49,39
8400,NA,"Fulton","OH",51,39
NA,NA,"Gallia","OH",53,39
1692,1680,"Geauga","OH",55,39
2000,NA,"Greene","OH",57,39
NA,NA,"Guernsey","OH",59,39
1642,1640,"Hamilton","OH",61,39
NA,NA,"Hancock","OH",63,39
NA,NA,"Hardin","OH",65,39
NA,NA,"Harrison","OH",67,39
NA,NA,"Henry","OH",69,39
NA,NA,"Highland","OH",71,39
NA,NA,"Hocking","OH",73,39
NA,NA,"Holmes","OH",75,39
NA,NA,"Huron","OH",77,39
NA,NA,"Jackson","OH",79,39
8080,NA,"Jefferson","OH",81,39
NA,NA,"Knox","OH",83,39
1692,1680,"Lake","OH",85,39
3400,NA,"Lawrence","OH",87,39
1840,NA,"Licking","OH",89,39
NA,NA,"Logan","OH",91,39
1692,1680,"Lorain","OH",93,39
8400,NA,"Lucas","OH",95,39
1840,NA,"Madison","OH",97,39
9320,NA,"Mahoning","OH",99,39
NA,NA,"Marion","OH",101,39
1692,1680,"Medina","OH",103,39
NA,NA,"Meigs","OH",105,39
NA,NA,"Mercer","OH",107,39
2000,NA,"Miami","OH",109,39
NA,NA,"Monroe","OH",111,39
2000,NA,"Montgomery","OH",113,39
NA,NA,"Morgan","OH",115,39
NA,NA,"Morrow","OH",117,39
NA,NA,"Muskingum","OH",119,39
NA,NA,"Noble","OH",121,39
NA,NA,"Ottawa","OH",123,39
NA,NA,"Paulding","OH",125,39
NA,NA,"Perry","OH",127,39
1840,NA,"Pickaway","OH",129,39
NA,NA,"Pike","OH",131,39
1692,80,"Portage","OH",133,39
NA,NA,"Preble","OH",135,39
NA,NA,"Putnam","OH",137,39
4800,NA,"Richland","OH",139,39
NA,NA,"Ross","OH",141,39
NA,NA,"Sandusky","OH",143,39
NA,NA,"Scioto","OH",145,39
NA,NA,"Seneca","OH",147,39
NA,NA,"Shelby","OH",149,39
1320,NA,"Stark","OH",151,39
1692,80,"Summit","OH",153,39
9320,NA,"Trumbull","OH",155,39
NA,NA,"Tuscarawas","OH",157,39
NA,NA,"Union","OH",159,39
NA,NA,"Van Wert","OH",161,39
NA,NA,"Vinton","OH",163,39
1642,1640,"Warren","OH",165,39
6020,NA,"Washington","OH",167,39
NA,NA,"Wayne","OH",169,39
NA,NA,"Williams","OH",171,39
8400,NA,"Wood","OH",173,39
NA,NA,"Wyandot","OH",175,39
NA,NA,"Adair","OK",1,40
NA,NA,"Alfalfa","OK",3,40
NA,NA,"Atoka","OK",5,40
NA,NA,"Beaver","OK",7,40
NA,NA,"Beckham","OK",9,40
NA,NA,"Blaine","OK",11,40
NA,NA,"Bryan","OK",13,40
NA,NA,"Caddo","OK",15,40
5880,NA,"Canadian","OK",17,40
NA,NA,"Carter","OK",19,40
NA,NA,"Cherokee","OK",21,40
NA,NA,"Choctaw","OK",23,40
NA,NA,"Cimarron","OK",25,40
5880,NA,"Cleveland","OK",27,40
NA,NA,"Coal","OK",29,40
4200,NA,"Comanche","OK",31,40
NA,NA,"Cotton","OK",33,40
NA,NA,"Craig","OK",35,40
8560,NA,"Creek","OK",37,40
NA,NA,"Custer","OK",39,40
NA,NA,"Delaware","OK",41,40
NA,NA,"Dewey","OK",43,40
NA,NA,"Ellis","OK",45,40
2340,NA,"Garfield","OK",47,40
NA,NA,"Garvin","OK",49,40
NA,NA,"Grady","OK",51,40
NA,NA,"Grant","OK",53,40
NA,NA,"Greer","OK",55,40
NA,NA,"Harmon","OK",57,40
NA,NA,"Harper","OK",59,40
NA,NA,"Haskell","OK",61,40
NA,NA,"Hughes","OK",63,40
NA,NA,"Jackson","OK",65,40
NA,NA,"Jefferson","OK",67,40
NA,NA,"Johnston","OK",69,40
NA,NA,"Kay","OK",71,40
NA,NA,"Kingfisher","OK",73,40
NA,NA,"Kiowa","OK",75,40
NA,NA,"Latimer","OK",77,40
NA,NA,"Le Flore","OK",79,40
NA,NA,"Lincoln","OK",81,40
5880,NA,"Logan","OK",83,40
NA,NA,"Love","OK",85,40
5880,NA,"McClain","OK",87,40
NA,NA,"McCurtain","OK",89,40
NA,NA,"McIntosh","OK",91,40
NA,NA,"Major","OK",93,40
NA,NA,"Marshall","OK",95,40
NA,NA,"Mayes","OK",97,40
NA,NA,"Murray","OK",99,40
NA,NA,"Muskogee","OK",101,40
NA,NA,"Noble","OK",103,40
NA,NA,"Nowata","OK",105,40
NA,NA,"Okfuskee","OK",107,40
5880,NA,"Oklahoma","OK",109,40
NA,NA,"Okmulgee","OK",111,40
8560,NA,"Osage","OK",113,40
NA,NA,"Ottawa","OK",115,40
NA,NA,"Pawnee","OK",117,40
NA,NA,"Payne","OK",119,40
NA,NA,"Pittsburg","OK",121,40
NA,NA,"Pontotoc","OK",123,40
5880,NA,"Pottawatomie","OK",125,40
NA,NA,"Pushmataha","OK",127,40
NA,NA,"Roger Mills","OK",129,40
8560,NA,"Rogers","OK",131,40
NA,NA,"Seminole","OK",133,40
2720,NA,"Sequoyah","OK",135,40
NA,NA,"Stephens","OK",137,40
NA,NA,"Texas","OK",139,40
NA,NA,"Tillman","OK",141,40
8560,NA,"Tulsa","OK",143,40
8560,NA,"Wagoner","OK",145,40
NA,NA,"Washington","OK",147,40
NA,NA,"Washita","OK",149,40
NA,NA,"Woods","OK",151,40
NA,NA,"Woodward","OK",153,40
NA,NA,"Baker","OR",1,41
NA,NA,"Benton","OR",3,41
6442,6440,"Clackamas","OR",5,41
NA,NA,"Clatsop","OR",7,41
6442,6449,"Columbia","OR",9,41
NA,NA,"Coos","OR",11,41
NA,NA,"Crook","OR",13,41
NA,NA,"Curry","OR",15,41
NA,NA,"Deschutes","OR",17,41
NA,NA,"Douglas","OR",19,41
NA,NA,"Gilliam","OR",21,41
NA,NA,"Grant","OR",23,41
NA,NA,"Harney","OR",25,41
NA,NA,"Hood River","OR",27,41
4890,NA,"Jackson","OR",29,41
NA,NA,"Jefferson","OR",31,41
NA,NA,"Josephine","OR",33,41
NA,NA,"Klamath","OR",35,41
NA,NA,"Lake","OR",37,41
2400,NA,"Lane","OR",39,41
NA,NA,"Lincoln","OR",41,41
NA,NA,"Linn","OR",43,41
NA,NA,"Malheur","OR",45,41
6442,7080,"Marion","OR",47,41
NA,NA,"Morrow","OR",49,41
6442,6440,"Multnomah","OR",51,41
6442,7080,"Polk","OR",53,41
NA,NA,"Sherman","OR",55,41
NA,NA,"Tillamook","OR",57,41
NA,NA,"Umatilla","OR",59,41
NA,NA,"Union","OR",61,41
NA,NA,"Wallowa","OR",63,41
NA,NA,"Wasco","OR",65,41
6442,6440,"Washington","OR",67,41
NA,NA,"Wheeler","OR",69,41
6442,6440,"Yamhill","OR",71,41
NA,NA,"Adams","PA",1,42
6280,NA,"Allegheny","PA",3,42
NA,NA,"Armstrong","PA",5,42
6280,NA,"Beaver","PA",7,42
NA,NA,"Bedford","PA",9,42
6680,NA,"Berks","PA",11,42
280,NA,"Blair","PA",13,42
NA,NA,"Bradford","PA",15,42
6162,6160,"Bucks","PA",17,42
6280,NA,"Butler","PA",19,42
3680,NA,"Cambria","PA",21,42
NA,NA,"Cameron","PA",23,42
240,NA,"Carbon","PA",25,42
8050,NA,"Centre","PA",27,42
6162,6160,"Chester","PA",29,42
NA,NA,"Clarion","PA",31,42
NA,NA,"Clearfield","PA",33,42
NA,NA,"Clinton","PA",35,42
7560,NA,"Columbia","PA",37,42
NA,NA,"Crawford","PA",39,42
3240,NA,"Cumberland","PA",41,42
3240,NA,"Dauphin","PA",43,42
6162,6160,"Delaware","PA",45,42
NA,NA,"Elk","PA",47,42
2360,NA,"Erie","PA",49,42
6280,NA,"Fayette","PA",51,42
NA,NA,"Forest","PA",53,42
NA,NA,"Franklin","PA",55,42
NA,NA,"Fulton","PA",57,42
NA,NA,"Greene","PA",59,42
NA,NA,"Huntingdon","PA",61,42
NA,NA,"Indiana","PA",63,42
NA,NA,"Jefferson","PA",65,42
NA,NA,"Juniata","PA",67,42
7560,NA,"Lackawanna","PA",69,42
4000,NA,"Lancaster","PA",71,42
NA,NA,"Lawrence","PA",73,42
3240,NA,"Lebanon","PA",75,42
240,NA,"Lehigh","PA",77,42
7560,NA,"Luzerne","PA",79,42
9140,NA,"Lycoming","PA",81,42
NA,NA,"McKean","PA",83,42
7610,NA,"Mercer","PA",85,42
NA,NA,"Mifflin","PA",87,42
NA,NA,"Monroe","PA",89,42
6162,6160,"Montgomery","PA",91,42
NA,NA,"Montour","PA",93,42
240,NA,"Northampton","PA",95,42
NA,NA,"Northumberland","PA",97,42
3240,NA,"Perry","PA",99,42
6162,6160,"Philadelphia","PA",101,42
5602,5660,"Pike","PA",103,42
NA,NA,"Potter","PA",105,42
NA,NA,"Schuylkill","PA",107,42
NA,NA,"Snyder","PA",109,42
3680,NA,"Somerset","PA",111,42
NA,NA,"Sullivan","PA",113,42
NA,NA,"Susquehanna","PA",115,42
NA,NA,"Tioga","PA",117,42
NA,NA,"Union","PA",119,42
NA,NA,"Venango","PA",121,42
NA,NA,"Warren","PA",123,42
6280,NA,"Washington","PA",125,42
NA,NA,"Wayne","PA",127,42
6280,NA,"Westmoreland","PA",129,42
7560,NA,"Wyoming","PA",131,42
9280,NA,"York","PA",133,42
6483,NA,"Bristol","RI",1,44
6483,NA,"Kent","RI",3,44
NA,NA,"Newport","RI",5,44
6483,NA,"Providence","RI",7,44
6483,NA,"Washington","RI",9,44
NA,NA,"Abbeville","SC",1,45
600,NA,"Aiken","SC",3,45
NA,NA,"Allendale","SC",5,45
3160,NA,"Anderson","SC",7,45
NA,NA,"Bamberg","SC",9,45
NA,NA,"Barnwell","SC",11,45
NA,NA,"Beaufort","SC",13,45
1440,NA,"Berkeley","SC",15,45
NA,NA,"Calhoun","SC",17,45
1440,NA,"Charleston","SC",19,45
3160,NA,"Cherokee","SC",21,45
NA,NA,"Chester","SC",23,45
NA,NA,"Chesterfield","SC",25,45
NA,NA,"Clarendon","SC",27,45
NA,NA,"Colleton","SC",29,45
NA,NA,"Darlington","SC",31,45
NA,NA,"Dillon","SC",33,45
1440,NA,"Dorchester","SC",35,45
600,NA,"Edgefield","SC",37,45
NA,NA,"Fairfield","SC",39,45
2655,NA,"Florence","SC",41,45
NA,NA,"Georgetown","SC",43,45
3160,NA,"Greenville","SC",45,45
NA,NA,"Greenwood","SC",47,45
NA,NA,"Hampton","SC",49,45
5330,NA,"Horry","SC",51,45
NA,NA,"Jasper","SC",53,45
NA,NA,"Kershaw","SC",55,45
NA,NA,"Lancaster","SC",57,45
NA,NA,"Laurens","SC",59,45
NA,NA,"Lee","SC",61,45
1760,NA,"Lexington","SC",63,45
NA,NA,"McCormick","SC",65,45
NA,NA,"Marion","SC",67,45
NA,NA,"Marlboro","SC",69,45
NA,NA,"Newberry","SC",71,45
NA,NA,"Oconee","SC",73,45
NA,NA,"Orangeburg","SC",75,45
3160,NA,"Pickens","SC",77,45
1760,NA,"Richland","SC",79,45
NA,NA,"Saluda","SC",81,45
3160,NA,"Spartanburg","SC",83,45
8140,NA,"Sumter","SC",85,45
NA,NA,"Union","SC",87,45
NA,NA,"Williamsburg","SC",89,45
1520,NA,"York","SC",91,45
NA,NA,"Aurora","SD",3,46
NA,NA,"Beadle","SD",5,46
NA,NA,"Bennett","SD",7,46
NA,NA,"Bon Homme","SD",9,46
NA,NA,"Brookings","SD",11,46
NA,NA,"Brown","SD",13,46
NA,NA,"Brule","SD",15,46
NA,NA,"Buffalo","SD",17,46
NA,NA,"Butte","SD",19,46
NA,NA,"Campbell","SD",21,46
NA,NA,"Charles Mix","SD",23,46
NA,NA,"Clark","SD",25,46
NA,NA,"Clay","SD",27,46
NA,NA,"Codington","SD",29,46
NA,NA,"Corson","SD",31,46
NA,NA,"Custer","SD",33,46
NA,NA,"Davison","SD",35,46
NA,NA,"Day","SD",37,46
NA,NA,"Deuel","SD",39,46
NA,NA,"Dewey","SD",41,46
NA,NA,"Douglas","SD",43,46
NA,NA,"Edmunds","SD",45,46
NA,NA,"Fall River","SD",47,46
NA,NA,"Faulk","SD",49,46
NA,NA,"Grant","SD",51,46
NA,NA,"Gregory","SD",53,46
NA,NA,"Haakon","SD",55,46
NA,NA,"Hamlin","SD",57,46
NA,NA,"Hand","SD",59,46
NA,NA,"Hanson","SD",61,46
NA,NA,"Harding","SD",63,46
NA,NA,"Hughes","SD",65,46
NA,NA,"Hutchinson","SD",67,46
NA,NA,"Hyde","SD",69,46
NA,NA,"Jackson","SD",71,46
NA,NA,"Jerauld","SD",73,46
NA,NA,"Jones","SD",75,46
NA,NA,"Kingsbury","SD",77,46
NA,NA,"Lake","SD",79,46
NA,NA,"Lawrence","SD",81,46
7760,NA,"Lincoln","SD",83,46
NA,NA,"Lyman","SD",85,46
NA,NA,"McCook","SD",87,46
NA,NA,"McPherson","SD",89,46
NA,NA,"Marshall","SD",91,46
NA,NA,"Meade","SD",93,46
NA,NA,"Mellette","SD",95,46
NA,NA,"Miner","SD",97,46
7760,NA,"Minnehaha","SD",99,46
NA,NA,"Moody","SD",101,46
6660,NA,"Pennington","SD",103,46
NA,NA,"Perkins","SD",105,46
NA,NA,"Potter","SD",107,46
NA,NA,"Roberts","SD",109,46
NA,NA,"Sanborn","SD",111,46
NA,NA,"Shannon","SD",113,46
NA,NA,"Spink","SD",115,46
NA,NA,"Stanley","SD",117,46
NA,NA,"Sully","SD",119,46
NA,NA,"Todd","SD",121,46
NA,NA,"Tripp","SD",123,46
NA,NA,"Turner","SD",125,46
NA,NA,"Union","SD",127,46
NA,NA,"Walworth","SD",129,46
NA,NA,"Yankton","SD",135,46
NA,NA,"Ziebach","SD",137,46
3840,NA,"Anderson","TN",1,47
NA,NA,"Bedford","TN",3,47
NA,NA,"Benton","TN",5,47
NA,NA,"Bledsoe","TN",7,47
3840,NA,"Blount","TN",9,47
NA,NA,"Bradley","TN",11,47
NA,NA,"Campbell","TN",13,47
NA,NA,"Cannon","TN",15,47
NA,NA,"Carroll","TN",17,47
3660,NA,"Carter","TN",19,47
5360,NA,"Cheatham","TN",21,47
NA,NA,"Chester","TN",23,47
NA,NA,"Claiborne","TN",25,47
NA,NA,"Clay","TN",27,47
NA,NA,"Cocke","TN",29,47
NA,NA,"Coffee","TN",31,47
NA,NA,"Crockett","TN",33,47
NA,NA,"Cumberland","TN",35,47
5360,NA,"Davidson","TN",37,47
NA,NA,"Decatur","TN",39,47
NA,NA,"DeKalb","TN",41,47
5360,NA,"Dickson","TN",43,47
NA,NA,"Dyer","TN",45,47
4920,NA,"Fayette","TN",47,47
NA,NA,"Fentress","TN",49,47
NA,NA,"Franklin","TN",51,47
NA,NA,"Gibson","TN",53,47
NA,NA,"Giles","TN",55,47
NA,NA,"Grainger","TN",57,47
NA,NA,"Greene","TN",59,47
NA,NA,"Grundy","TN",61,47
NA,NA,"Hamblen","TN",63,47
1560,NA,"Hamilton","TN",65,47
NA,NA,"Hancock","TN",67,47
NA,NA,"Hardeman","TN",69,47
NA,NA,"Hardin","TN",71,47
3660,NA,"Hawkins","TN",73,47
NA,NA,"Haywood","TN",75,47
NA,NA,"Henderson","TN",77,47
NA,NA,"Henry","TN",79,47
NA,NA,"Hickman","TN",81,47
NA,NA,"Houston","TN",83,47
NA,NA,"Humphreys","TN",85,47
NA,NA,"Jackson","TN",87,47
NA,NA,"Jefferson","TN",89,47
NA,NA,"Johnson","TN",91,47
3840,NA,"Knox","TN",93,47
NA,NA,"Lake","TN",95,47
NA,NA,"Lauderdale","TN",97,47
NA,NA,"Lawrence","TN",99,47
NA,NA,"Lewis","TN",101,47
NA,NA,"Lincoln","TN",103,47
3840,NA,"Loudon","TN",105,47
NA,NA,"McMinn","TN",107,47
NA,NA,"McNairy","TN",109,47
NA,NA,"Macon","TN",111,47
NA,NA,"Madison","TN",113,47
NA,NA,"Marion","TN",115,47
NA,NA,"Marshall","TN",117,47
NA,NA,"Maury","TN",119,47
NA,NA,"Meigs","TN",121,47
NA,NA,"Monroe","TN",123,47
1660,NA,"Montgomery","TN",125,47
NA,NA,"Moore","TN",127,47
NA,NA,"Morgan","TN",129,47
NA,NA,"Obion","TN",131,47
NA,NA,"Overton","TN",133,47
NA,NA,"Perry","TN",135,47
NA,NA,"Pickett","TN",137,47
NA,NA,"Polk","TN",139,47
NA,NA,"Putnam","TN",141,47
NA,NA,"Rhea","TN",143,47
NA,NA,"Roane","TN",145,47
5360,NA,"Robertson","TN",147,47
5360,NA,"Rutherford","TN",149,47
NA,NA,"Scott","TN",151,47
NA,NA,"Sequatchie","TN",153,47
3840,NA,"Sevier","TN",155,47
4920,NA,"Shelby","TN",157,47
NA,NA,"Smith","TN",159,47
NA,NA,"Stewart","TN",161,47
3660,NA,"Sullivan","TN",163,47
5360,NA,"Sumner","TN",165,47
4920,NA,"Tipton","TN",167,47
NA,NA,"Trousdale","TN",169,47
3660,NA,"Unicoi","TN",171,47
3840,NA,"Union","TN",173,47
NA,NA,"Van Buren","TN",175,47
NA,NA,"Warren","TN",177,47
3660,NA,"Washington","TN",179,47
NA,NA,"Wayne","TN",181,47
NA,NA,"Weakley","TN",183,47
NA,NA,"White","TN",185,47
5360,NA,"Williamson","TN",187,47
5360,NA,"Wilson","TN",189,47
NA,NA,"Anderson","TX",1,48
NA,NA,"Andrews","TX",3,48
NA,NA,"Angelina","TX",5,48
NA,NA,"Aransas","TX",7,48
9080,NA,"Archer","TX",9,48
NA,NA,"Armstrong","TX",11,48
NA,NA,"Atascosa","TX",13,48
NA,NA,"Austin","TX",15,48
NA,NA,"Bailey","TX",17,48
NA,NA,"Bandera","TX",19,48
640,NA,"Bastrop","TX",21,48
NA,NA,"Baylor","TX",23,48
NA,NA,"Bee","TX",25,48
3810,NA,"Bell","TX",27,48
7240,NA,"Bexar","TX",29,48
NA,NA,"Blanco","TX",31,48
NA,NA,"Borden","TX",33,48
NA,NA,"Bosque","TX",35,48
8360,NA,"Bowie","TX",37,48
3362,1145,"Brazoria","TX",39,48
1260,NA,"Brazos","TX",41,48
NA,NA,"Brewster","TX",43,48
NA,NA,"Briscoe","TX",45,48
NA,NA,"Brooks","TX",47,48
NA,NA,"Brown","TX",49,48
NA,NA,"Burleson","TX",51,48
NA,NA,"Burnet","TX",53,48
640,NA,"Caldwell","TX",55,48
NA,NA,"Calhoun","TX",57,48
NA,NA,"Callahan","TX",59,48
1240,NA,"Cameron","TX",61,48
NA,NA,"Camp","TX",63,48
NA,NA,"Carson","TX",65,48
NA,NA,"Cass","TX",67,48
NA,NA,"Castro","TX",69,48
3362,3360,"Chambers","TX",71,48
NA,NA,"Cherokee","TX",73,48
NA,NA,"Childress","TX",75,48
NA,NA,"Clay","TX",77,48
NA,NA,"Cochran","TX",79,48
NA,NA,"Coke","TX",81,48
NA,NA,"Coleman","TX",83,48
1922,1920,"Collin","TX",85,48
NA,NA,"Collingsworth","TX",87,48
NA,NA,"Colorado","TX",89,48
7240,NA,"Comal","TX",91,48
NA,NA,"Comanche","TX",93,48
NA,NA,"Concho","TX",95,48
NA,NA,"Cooke","TX",97,48
3810,NA,"Coryell","TX",99,48
NA,NA,"Cottle","TX",101,48
NA,NA,"Crane","TX",103,48
NA,NA,"Crockett","TX",105,48
NA,NA,"Crosby","TX",107,48
NA,NA,"Culberson","TX",109,48
NA,NA,"Dallam","TX",111,48
1922,1920,"Dallas","TX",113,48
NA,NA,"Dawson","TX",115,48
NA,NA,"Deaf Smith","TX",117,48
NA,NA,"Delta","TX",119,48
1922,1920,"Denton","TX",121,48
NA,NA,"De Witt","TX",123,48
NA,NA,"Dickens","TX",125,48
NA,NA,"Dimmit","TX",127,48
NA,NA,"Donley","TX",129,48
NA,NA,"Duval","TX",131,48
NA,NA,"Eastland","TX",133,48
5800,NA,"Ector","TX",135,48
NA,NA,"Edwards","TX",137,48
1922,1920,"Ellis","TX",139,48
2320,NA,"El Paso","TX",141,48
NA,NA,"Erath","TX",143,48
NA,NA,"Falls","TX",145,48
NA,NA,"Fannin","TX",147,48
NA,NA,"Fayette","TX",149,48
NA,NA,"Fisher","TX",151,48
NA,NA,"Floyd","TX",153,48
NA,NA,"Foard","TX",155,48
3362,3360,"Fort Bend","TX",157,48
NA,NA,"Franklin","TX",159,48
NA,NA,"Freestone","TX",161,48
NA,NA,"Frio","TX",163,48
NA,NA,"Gaines","TX",165,48
3362,2920,"Galveston","TX",167,48
NA,NA,"Garza","TX",169,48
NA,NA,"Gillespie","TX",171,48
NA,NA,"Glasscock","TX",173,48
NA,NA,"Goliad","TX",175,48
NA,NA,"Gonzales","TX",177,48
NA,NA,"Gray","TX",179,48
7640,NA,"Grayson","TX",181,48
4420,NA,"Gregg","TX",183,48
NA,NA,"Grimes","TX",185,48
7240,NA,"Guadalupe","TX",187,48
NA,NA,"Hale","TX",189,48
NA,NA,"Hall","TX",191,48
NA,NA,"Hamilton","TX",193,48
NA,NA,"Hansford","TX",195,48
NA,NA,"Hardeman","TX",197,48
840,NA,"Hardin","TX",199,48
3362,3360,"Harris","TX",201,48
4420,NA,"Harrison","TX",203,48
NA,NA,"Hartley","TX",205,48
NA,NA,"Haskell","TX",207,48
640,NA,"Hays","TX",209,48
NA,NA,"Hemphill","TX",211,48
1922,1920,"Henderson","TX",213,48
4880,NA,"Hidalgo","TX",215,48
NA,NA,"Hill","TX",217,48
NA,NA,"Hockley","TX",219,48
1922,2800,"Hood","TX",221,48
NA,NA,"Hopkins","TX",223,48
NA,NA,"Houston","TX",225,48
NA,NA,"Howard","TX",227,48
NA,NA,"Hudspeth","TX",229,48
1922,1920,"Hunt","TX",231,48
NA,NA,"Hutchinson","TX",233,48
NA,NA,"Irion","TX",235,48
NA,NA,"Jack","TX",237,48
NA,NA,"Jackson","TX",239,48
NA,NA,"Jasper","TX",241,48
NA,NA,"Jeff Davis","TX",243,48
840,NA,"Jefferson","TX",245,48
NA,NA,"Jim Hogg","TX",247,48
NA,NA,"Jim Wells","TX",249,48
1922,2800,"Johnson","TX",251,48
NA,NA,"Jones","TX",253,48
NA,NA,"Karnes","TX",255,48
1922,1920,"Kaufman","TX",257,48
NA,NA,"Kendall","TX",259,48
NA,NA,"Kenedy","TX",261,48
NA,NA,"Kent","TX",263,48
NA,NA,"Kerr","TX",265,48
NA,NA,"Kimble","TX",267,48
NA,NA,"King","TX",269,48
NA,NA,"Kinney","TX",271,48
NA,NA,"Kleberg","TX",273,48
NA,NA,"Knox","TX",275,48
NA,NA,"Lamar","TX",277,48
NA,NA,"Lamb","TX",279,48
NA,NA,"Lampasas","TX",281,48
NA,NA,"La Salle","TX",283,48
NA,NA,"Lavaca","TX",285,48
NA,NA,"Lee","TX",287,48
NA,NA,"Leon","TX",289,48
3362,3360,"Liberty","TX",291,48
NA,NA,"Limestone","TX",293,48
NA,NA,"Lipscomb","TX",295,48
NA,NA,"Live Oak","TX",297,48
NA,NA,"Llano","TX",299,48
NA,NA,"Loving","TX",301,48
4600,NA,"Lubbock","TX",303,48
NA,NA,"Lynn","TX",305,48
NA,NA,"McCulloch","TX",307,48
8800,NA,"McLennan","TX",309,48
NA,NA,"McMullen","TX",311,48
NA,NA,"Madison","TX",313,48
NA,NA,"Marion","TX",315,48
NA,NA,"Martin","TX",317,48
NA,NA,"Mason","TX",319,48
NA,NA,"Matagorda","TX",321,48
NA,NA,"Maverick","TX",323,48
NA,NA,"Medina","TX",325,48
NA,NA,"Menard","TX",327,48
5800,NA,"Midland","TX",329,48
NA,NA,"Milam","TX",331,48
NA,NA,"Mills","TX",333,48
NA,NA,"Mitchell","TX",335,48
NA,NA,"Montague","TX",337,48
3362,3360,"Montgomery","TX",339,48
NA,NA,"Moore","TX",341,48
NA,NA,"Morris","TX",343,48
NA,NA,"Motley","TX",345,48
NA,NA,"Nacogdoches","TX",347,48
NA,NA,"Navarro","TX",349,48
NA,NA,"Newton","TX",351,48
NA,NA,"Nolan","TX",353,48
1880,NA,"Nueces","TX",355,48
NA,NA,"Ochiltree","TX",357,48
NA,NA,"Oldham","TX",359,48
840,NA,"Orange","TX",361,48
NA,NA,"Palo Pinto","TX",363,48
NA,NA,"Panola","TX",365,48
1922,2800,"Parker","TX",367,48
NA,NA,"Parmer","TX",369,48
NA,NA,"Pecos","TX",371,48
NA,NA,"Polk","TX",373,48
320,NA,"Potter","TX",375,48
NA,NA,"Presidio","TX",377,48
NA,NA,"Rains","TX",379,48
320,NA,"Randall","TX",381,48
NA,NA,"Reagan","TX",383,48
NA,NA,"Real","TX",385,48
NA,NA,"Red River","TX",387,48
NA,NA,"Reeves","TX",389,48
NA,NA,"Refugio","TX",391,48
NA,NA,"Roberts","TX",393,48
NA,NA,"Robertson","TX",395,48
1922,1920,"Rockwall","TX",397,48
NA,NA,"Runnels","TX",399,48
NA,NA,"Rusk","TX",401,48
NA,NA,"Sabine","TX",403,48
NA,NA,"San Augustine","TX",405,48
NA,NA,"San Jacinto","TX",407,48
1880,NA,"San Patricio","TX",409,48
NA,NA,"San Saba","TX",411,48
NA,NA,"Schleicher","TX",413,48
NA,NA,"Scurry","TX",415,48
NA,NA,"Shackelford","TX",417,48
NA,NA,"Shelby","TX",419,48
NA,NA,"Sherman","TX",421,48
8640,NA,"Smith","TX",423,48
NA,NA,"Somervell","TX",425,48
NA,NA,"Starr","TX",427,48
NA,NA,"Stephens","TX",429,48
NA,NA,"Sterling","TX",431,48
NA,NA,"Stonewall","TX",433,48
NA,NA,"Sutton","TX",435,48
NA,NA,"Swisher","TX",437,48
1922,2800,"Tarrant","TX",439,48
40,NA,"Taylor","TX",441,48
NA,NA,"Terrell","TX",443,48
NA,NA,"Terry","TX",445,48
NA,NA,"Throckmorton","TX",447,48
NA,NA,"Titus","TX",449,48
7200,NA,"Tom Green","TX",451,48
640,NA,"Travis","TX",453,48
NA,NA,"Trinity","TX",455,48
NA,NA,"Tyler","TX",457,48
4420,NA,"Upshur","TX",459,48
NA,NA,"Upton","TX",461,48
NA,NA,"Uvalde","TX",463,48
NA,NA,"Val Verde","TX",465,48
NA,NA,"Van Zandt","TX",467,48
8750,NA,"Victoria","TX",469,48
NA,NA,"Walker","TX",471,48
3362,3360,"Waller","TX",473,48
NA,NA,"Ward","TX",475,48
NA,NA,"Washington","TX",477,48
4080,NA,"Webb","TX",479,48
NA,NA,"Wharton","TX",481,48
NA,NA,"Wheeler","TX",483,48
9080,NA,"Wichita","TX",485,48
NA,NA,"Wilbarger","TX",487,48
NA,NA,"Willacy","TX",489,48
640,NA,"Williamson","TX",491,48
7240,NA,"Wilson","TX",493,48
NA,NA,"Winkler","TX",495,48
NA,NA,"Wise","TX",497,48
NA,NA,"Wood","TX",499,48
NA,NA,"Yoakum","TX",501,48
NA,NA,"Young","TX",503,48
NA,NA,"Zapata","TX",505,48
NA,NA,"Zavala","TX",507,48
NA,NA,"Beaver","UT",1,49
NA,NA,"Box Elder","UT",3,49
NA,NA,"Cache","UT",5,49
NA,NA,"Carbon","UT",7,49
NA,NA,"Daggett","UT",9,49
7160,NA,"Davis","UT",11,49
NA,NA,"Duchesne","UT",13,49
NA,NA,"Emery","UT",15,49
NA,NA,"Garfield","UT",17,49
NA,NA,"Grand","UT",19,49
NA,NA,"Iron","UT",21,49
NA,NA,"Juab","UT",23,49
NA,NA,"Kane","UT",25,49
NA,NA,"Millard","UT",27,49
NA,NA,"Morgan","UT",29,49
NA,NA,"Piute","UT",31,49
NA,NA,"Rich","UT",33,49
7160,NA,"Salt Lake","UT",35,49
NA,NA,"San Juan","UT",37,49
NA,NA,"Sanpete","UT",39,49
NA,NA,"Sevier","UT",41,49
NA,NA,"Summit","UT",43,49
NA,NA,"Tooele","UT",45,49
NA,NA,"Uintah","UT",47,49
6520,NA,"Utah","UT",49,49
NA,NA,"Wasatch","UT",51,49
NA,NA,"Washington","UT",53,49
NA,NA,"Wayne","UT",55,49
7160,NA,"Weber","UT",57,49
NA,NA,"Accomack","VA",1,51
1540,NA,"Albemarle","VA",3,51
NA,NA,"Alleghany","VA",5,51
NA,NA,"Amelia","VA",7,51
4640,NA,"Amherst","VA",9,51
NA,NA,"Appomattox","VA",11,51
8872,8840,"Arlington","VA",13,51
NA,NA,"Augusta","VA",15,51
NA,NA,"Bath","VA",17,51
4640,NA,"Bedford","VA",19,51
NA,NA,"Bland","VA",21,51
6800,NA,"Botetourt","VA",23,51
NA,NA,"Brunswick","VA",25,51
NA,NA,"Buchanan","VA",27,51
NA,NA,"Buckingham","VA",29,51
4640,NA,"Campbell","VA",31,51
NA,NA,"Caroline","VA",33,51
NA,NA,"Carroll","VA",35,51
6760,NA,"Charles City","VA",36,51
NA,NA,"Charlotte","VA",37,51
6760,NA,"Chesterfield","VA",41,51
8872,8840,"Clarke","VA",43,51
NA,NA,"Craig","VA",45,51
8872,8840,"Culpeper","VA",47,51
NA,NA,"Cumberland","VA",49,51
NA,NA,"Dickenson","VA",51,51
6760,NA,"Dinwiddie","VA",53,51
NA,NA,"Essex","VA",57,51
8872,8840,"Fairfax","VA",59,51
8872,8840,"Fauquier","VA",61,51
NA,NA,"Floyd","VA",63,51
1540,NA,"Fluvanna","VA",65,51
NA,NA,"Franklin","VA",67,51
NA,NA,"Frederick","VA",69,51
NA,NA,"Giles","VA",71,51
5720,NA,"Gloucester","VA",73,51
6760,NA,"Goochland","VA",75,51
NA,NA,"Grayson","VA",77,51
1540,NA,"Greene","VA",79,51
NA,NA,"Greensville","VA",81,51
NA,NA,"Halifax","VA",83,51
6760,NA,"Hanover","VA",85,51
6760,NA,"Henrico","VA",87,51
NA,NA,"Henry","VA",89,51
NA,NA,"Highland","VA",91,51
5720,NA,"Isle of Wight","VA",93,51
5720,NA,"James City","VA",95,51
NA,NA,"King and Queen","VA",97,51
8872,8840,"King George","VA",99,51
NA,NA,"King William","VA",101,51
NA,NA,"Lancaster","VA",103,51
NA,NA,"Lee","VA",105,51
8872,8840,"Loudoun","VA",107,51
NA,NA,"Louisa","VA",109,51
NA,NA,"Lunenburg","VA",111,51
NA,NA,"Madison","VA",113,51
5720,NA,"Mathews","VA",115,51
NA,NA,"Mecklenburg","VA",117,51
NA,NA,"Middlesex","VA",119,51
NA,NA,"Montgomery","VA",121,51
NA,NA,"Nelson","VA",125,51
6760,NA,"New Kent","VA",127,51
NA,NA,"Northampton","VA",131,51
NA,NA,"Northumberland","VA",133,51
NA,NA,"Nottoway","VA",135,51
NA,NA,"Orange","VA",137,51
NA,NA,"Page","VA",139,51
NA,NA,"Patrick","VA",141,51
1950,NA,"Pittsylvania","VA",143,51
6760,NA,"Powhatan","VA",145,51
NA,NA,"Prince Edward","VA",147,51
6760,NA,"Prince George","VA",149,51
8872,8840,"Prince William","VA",153,51
NA,NA,"Pulaski","VA",155,51
NA,NA,"Rappahannock","VA",157,51
NA,NA,"Richmond","VA",159,51
6800,NA,"Roanoke","VA",161,51
NA,NA,"Rockbridge","VA",163,51
NA,NA,"Rockingham","VA",165,51
NA,NA,"Russell","VA",167,51
3660,NA,"Scott","VA",169,51
NA,NA,"Shenandoah","VA",171,51
NA,NA,"Smyth","VA",173,51
NA,NA,"Southampton","VA",175,51
8872,8840,"Spotsylvania","VA",177,51
8872,8840,"Stafford","VA",179,51
NA,NA,"Surry","VA",181,51
NA,NA,"Sussex","VA",183,51
NA,NA,"Tazewell","VA",185,51
8872,8840,"Warren","VA",187,51
3660,NA,"Washington","VA",191,51
NA,NA,"Westmoreland","VA",193,51
NA,NA,"Wise","VA",195,51
NA,NA,"Wythe","VA",197,51
5720,NA,"York","VA",199,51
8872,8840,"Alexandria","VA",510,51
4640,NA,"Bedford","VA",515,51
3660,NA,"Bristol","VA",520,51
NA,NA,"Buena Vista","VA",530,51
1540,NA,"Charlottesville","VA",540,51
5720,NA,"Chesapeake","VA",550,51
NA,NA,"Clifton Forge","VA",560,51
6760,NA,"Colonial Heights","VA",570,51
NA,NA,"Covington","VA",580,51
1950,NA,"Danville","VA",590,51
NA,NA,"Emporia","VA",595,51
8872,8840,"Fairfax","VA",600,51
8872,8840,"Falls Church","VA",610,51
NA,NA,"Franklin","VA",620,51
8872,8840,"Fredericksburg","VA",630,51
NA,NA,"Galax","VA",640,51
5720,NA,"Hampton","VA",650,51
NA,NA,"Harrisonburg","VA",660,51
6760,NA,"Hopewell","VA",670,51
NA,NA,"Lexington","VA",678,51
4640,NA,"Lynchburg","VA",680,51
8872,8840,"Manassas","VA",683,51
8872,8840,"Manassas Park","VA",685,51
NA,NA,"Martinsville","VA",690,51
5720,NA,"Newport News","VA",700,51
5720,NA,"Norfolk","VA",710,51
NA,NA,"Norton","VA",720,51
6760,NA,"Petersburg","VA",730,51
5720,NA,"Poquoson","VA",735,51
5720,NA,"Portsmouth","VA",740,51
NA,NA,"Radford","VA",750,51
6760,NA,"Richmond","VA",760,51
6800,NA,"Roanoke","VA",770,51
6800,NA,"Salem","VA",775,51
NA,NA,"South Boston","VA",780,51
NA,NA,"Staunton","VA",790,51
5720,NA,"Suffolk","VA",800,51
5720,NA,"Virginia Beach","VA",810,51
NA,NA,"Waynesboro","VA",820,51
5720,NA,"Williamsburg","VA",830,51
NA,NA,"Winchester","VA",840,51
NA,NA,"Addison","VT",1,50
NA,NA,"Bennington","VT",3,50
NA,NA,"Caledonia","VT",5,50
1303,NA,"Chittenden","VT",7,50
NA,NA,"Essex","VT",9,50
1303,NA,"Franklin","VT",11,50
1303,NA,"Grand Isle","VT",13,50
NA,NA,"Lamoille","VT",15,50
NA,NA,"Orange","VT",17,50
NA,NA,"Orleans","VT",19,50
NA,NA,"Rutland","VT",21,50
NA,NA,"Washington","VT",23,50
NA,NA,"Windham","VT",25,50
NA,NA,"Windsor","VT",27,50
NA,NA,"Adams","WA",1,53
NA,NA,"Asotin","WA",3,53
6740,NA,"Benton","WA",5,53
NA,NA,"Chelan","WA",7,53
NA,NA,"Clallam","WA",9,53
6442,6440,"Clark","WA",11,53
NA,NA,"Columbia","WA",13,53
NA,NA,"Cowlitz","WA",15,53
NA,NA,"Douglas","WA",17,53
NA,NA,"Ferry","WA",19,53
6740,NA,"Franklin","WA",21,53
NA,NA,"Garfield","WA",23,53
NA,NA,"Grant","WA",25,53
NA,NA,"Grays Harbor","WA",27,53
7602,7600,"Island","WA",29,53
NA,NA,"Jefferson","WA",31,53
7602,7600,"King","WA",33,53
7602,1150,"Kitsap","WA",35,53
NA,NA,"Kittitas","WA",37,53
NA,NA,"Klickitat","WA",39,53
NA,NA,"Lewis","WA",41,53
NA,NA,"Lincoln","WA",43,53
NA,NA,"Mason","WA",45,53
NA,NA,"Okanogan","WA",47,53
NA,NA,"Pacific","WA",49,53
NA,NA,"Pend Oreille","WA",51,53
7602,8200,"Pierce","WA",53,53
NA,NA,"San Juan","WA",55,53
NA,NA,"Skagit","WA",57,53
NA,NA,"Skamania","WA",59,53
7602,7600,"Snohomish","WA",61,53
7840,NA,"Spokane","WA",63,53
NA,NA,"Stevens","WA",65,53
7602,5910,"Thurston","WA",67,53
NA,NA,"Wahkiakum","WA",69,53
NA,NA,"Walla Walla","WA",71,53
860,NA,"Whatcom","WA",73,53
NA,NA,"Whitman","WA",75,53
9260,NA,"Yakima","WA",77,53
NA,NA,"Adams","WI",1,55
NA,NA,"Ashland","WI",3,55
NA,NA,"Barron","WI",5,55
NA,NA,"Bayfield","WI",7,55
3080,NA,"Brown","WI",9,55
NA,NA,"Buffalo","WI",11,55
NA,NA,"Burnett","WI",13,55
460,NA,"Calumet","WI",15,55
2290,NA,"Chippewa","WI",17,55
NA,NA,"Clark","WI",19,55
NA,NA,"Columbia","WI",21,55
NA,NA,"Crawford","WI",23,55
4720,NA,"Dane","WI",25,55
NA,NA,"Dodge","WI",27,55
NA,NA,"Door","WI",29,55
2240,NA,"Douglas","WI",31,55
NA,NA,"Dunn","WI",33,55
2290,NA,"Eau Claire","WI",35,55
NA,NA,"Florence","WI",37,55
NA,NA,"Fond du Lac","WI",39,55
NA,NA,"Forest","WI",41,55
NA,NA,"Grant","WI",43,55
NA,NA,"Green","WI",45,55
NA,NA,"Green Lake","WI",47,55
NA,NA,"Iowa","WI",49,55
NA,NA,"Iron","WI",51,55
NA,NA,"Jackson","WI",53,55
NA,NA,"Jefferson","WI",55,55
NA,NA,"Juneau","WI",57,55
1602,3800,"Kenosha","WI",59,55
NA,NA,"Kewaunee","WI",61,55
3870,NA,"La Crosse","WI",63,55
NA,NA,"Lafayette","WI",65,55
NA,NA,"Langlade","WI",67,55
NA,NA,"Lincoln","WI",69,55
NA,NA,"Manitowoc","WI",71,55
8940,NA,"Marathon","WI",73,55
NA,NA,"Marinette","WI",75,55
NA,NA,"Marquette","WI",77,55
NA,NA,"Menominee","WI",78,55
5082,5080,"Milwaukee","WI",79,55
NA,NA,"Monroe","WI",81,55
NA,NA,"Oconto","WI",83,55
NA,NA,"Oneida","WI",85,55
460,NA,"Outagamie","WI",87,55
5082,5080,"Ozaukee","WI",89,55
NA,NA,"Pepin","WI",91,55
5120,NA,"Pierce","WI",93,55
NA,NA,"Polk","WI",95,55
NA,NA,"Portage","WI",97,55
NA,NA,"Price","WI",99,55
5082,6600,"Racine","WI",101,55
NA,NA,"Richland","WI",103,55
3620,NA,"Rock","WI",105,55
NA,NA,"Rusk","WI",107,55
5120,NA,"St. Croix","WI",109,55
NA,NA,"Sauk","WI",111,55
NA,NA,"Sawyer","WI",113,55
NA,NA,"Shawano","WI",115,55
7620,NA,"Sheboygan","WI",117,55
NA,NA,"Taylor","WI",119,55
NA,NA,"Trempealeau","WI",121,55
NA,NA,"Vernon","WI",123,55
NA,NA,"Vilas","WI",125,55
NA,NA,"Walworth","WI",127,55
NA,NA,"Washburn","WI",129,55
5082,5080,"Washington","WI",131,55
5082,5080,"Waukesha","WI",133,55
NA,NA,"Waupaca","WI",135,55
NA,NA,"Waushara","WI",137,55
460,NA,"Winnebago","WI",139,55
NA,NA,"Wood","WI",141,55
NA,NA,"Barbour","WV",1,54
8872,8840,"Berkeley","WV",3,54
NA,NA,"Boone","WV",5,54
NA,NA,"Braxton","WV",7,54
8080,NA,"Brooke","WV",9,54
3400,NA,"Cabell","WV",11,54
NA,NA,"Calhoun","WV",13,54
NA,NA,"Clay","WV",15,54
NA,NA,"Doddridge","WV",17,54
NA,NA,"Fayette","WV",19,54
NA,NA,"Gilmer","WV",21,54
NA,NA,"Grant","WV",23,54
NA,NA,"Greenbrier","WV",25,54
NA,NA,"Hampshire","WV",27,54
8080,NA,"Hancock","WV",29,54
NA,NA,"Hardy","WV",31,54
NA,NA,"Harrison","WV",33,54
NA,NA,"Jackson","WV",35,54
8872,8840,"Jefferson","WV",37,54
1480,NA,"Kanawha","WV",39,54
NA,NA,"Lewis","WV",41,54
NA,NA,"Lincoln","WV",43,54
NA,NA,"Logan","WV",45,54
NA,NA,"McDowell","WV",47,54
NA,NA,"Marion","WV",49,54
9000,NA,"Marshall","WV",51,54
NA,NA,"Mason","WV",53,54
NA,NA,"Mercer","WV",55,54
1900,NA,"Mineral","WV",57,54
NA,NA,"Mingo","WV",59,54
NA,NA,"Monongalia","WV",61,54
NA,NA,"Monroe","WV",63,54
NA,NA,"Morgan","WV",65,54
NA,NA,"Nicholas","WV",67,54
9000,NA,"Ohio","WV",69,54
NA,NA,"Pendleton","WV",71,54
NA,NA,"Pleasants","WV",73,54
NA,NA,"Pocahontas","WV",75,54
NA,NA,"Preston","WV",77,54
1480,NA,"Putnam","WV",79,54
NA,NA,"Raleigh","WV",81,54
NA,NA,"Randolph","WV",83,54
NA,NA,"Ritchie","WV",85,54
NA,NA,"Roane","WV",87,54
NA,NA,"Summers","WV",89,54
NA,NA,"Taylor","WV",91,54
NA,NA,"Tucker","WV",93,54
NA,NA,"Tyler","WV",95,54
NA,NA,"Upshur","WV",97,54
3400,NA,"Wayne","WV",99,54
NA,NA,"Webster","WV",101,54
NA,NA,"Wetzel","WV",103,54
NA,NA,"Wirt","WV",105,54
6020,NA,"Wood","WV",107,54
NA,NA,"Wyoming","WV",109,54
NA,NA,"Albany","WY",1,56
NA,NA,"Big Horn","WY",3,56
NA,NA,"Campbell","WY",5,56
NA,NA,"Carbon","WY",7,56
NA,NA,"Converse","WY",9,56
NA,NA,"Crook","WY",11,56
NA,NA,"Fremont","WY",13,56
NA,NA,"Goshen","WY",15,56
NA,NA,"Hot Springs","WY",17,56
NA,NA,"Johnson","WY",19,56
1580,NA,"Laramie","WY",21,56
NA,NA,"Lincoln","WY",23,56
1350,NA,"Natrona","WY",25,56
NA,NA,"Niobrara","WY",27,56
NA,NA,"Park","WY",29,56
NA,NA,"Platte","WY",31,56
NA,NA,"Sheridan","WY",33,56
NA,NA,"Sublette","WY",35,56
NA,NA,"Sweetwater","WY",37,56
NA,NA,"Teton","WY",39,56
NA,NA,"Uinta","WY",41,56
NA,NA,"Washakie","WY",43,56
NA,NA,"Weston","WY",45,56
